,row,CUI Part,status,RECOM series,candidates,vin_min,vin_max,vout_1,vout_2,isolation_vac,# full matches,RECOM_Artikelnummer,RECOM_Bezeichnung 1,RECOM_Inputvoltage,RECOM_Outputvoltage,RECOM_Isolation,RECOM_ProductgroupBezeichnung,score
0,25,VOF-S12C-5,matched 4,RACM15E-K,27 RECOM candidates,90.0,264.0,5.0,,3000.0,4 of 27,20001539,RACM15E-05SK/OF,80-275,05,4.2KV,RACM15E-K,0.0
1,25,VOF-S12C-5,matched 4,RACM15E-K,27 RECOM candidates,90.0,264.0,5.0,,3000.0,4 of 27,20001545,RACM15E-05SK/PMAD-CTN,80-275,05,4.2KV,RACM15E-K,0.0
2,25,VOF-S12C-5,matched 4,RACM15E-K,27 RECOM candidates,90.0,264.0,5.0,,3000.0,4 of 27,20001731,RACM15E-05SK/PMAD-T,80-275,05,4.2KV,RACM15E-K,0.0
3,25,VOF-S12C-5,matched 4,RACM15E-K,27 RECOM candidates,90.0,264.0,5.0,,3000.0,4 of 27,20001594,RACM15E-05SK/PMCD-CTN,80-275,05,4.2KV,RACM15E-K,0.0
4,38,VOF-S12C-24,matched 4,RACM15E-K,27 RECOM candidates,90.0,264.0,24.0,,3000.0,4 of 27,20001542,RACM15E-24SK/OF,80-275,24,4.2KV,RACM15E-K,0.0
5,38,VOF-S12C-24,matched 4,RACM15E-K,27 RECOM candidates,90.0,264.0,24.0,,3000.0,4 of 27,20001548,RACM15E-24SK/PMAD-CTN,80-275,24,4.2KV,RACM15E-K,0.0
6,38,VOF-S12C-24,matched 4,RACM15E-K,27 RECOM candidates,90.0,264.0,24.0,,3000.0,4 of 27,20001734,RACM15E-24SK/PMAD-T,80-275,24,4.2KV,RACM15E-K,0.0
7,38,VOF-S12C-24,matched 4,RACM15E-K,27 RECOM candidates,90.0,264.0,24.0,,3000.0,4 of 27,20001597,RACM15E-24SK/PMCD-CTN,80-275,24,4.2KV,RACM15E-K,0.0
8,39,VOF-S12C-15,matched 4,RACM15E-K,27 RECOM candidates,90.0,264.0,15.0,,3000.0,4 of 27,20001541,RACM15E-15SK/OF,80-275,15,4.2KV,RACM15E-K,0.0
9,39,VOF-S12C-15,matched 4,RACM15E-K,27 RECOM candidates,90.0,264.0,15.0,,3000.0,4 of 27,20001547,RACM15E-15SK/PMAD-CTN,80-275,15,4.2KV,RACM15E-K,0.0
10,39,VOF-S12C-15,matched 4,RACM15E-K,27 RECOM candidates,90.0,264.0,15.0,,3000.0,4 of 27,20001733,RACM15E-15SK/PMAD-T,80-275,15,4.2KV,RACM15E-K,0.0
11,39,VOF-S12C-15,matched 4,RACM15E-K,27 RECOM candidates,90.0,264.0,15.0,,3000.0,4 of 27,20001596,RACM15E-15SK/PMCD-CTN,80-275,15,4.2KV,RACM15E-K,0.0
12,40,VOF-S12C-12,matched 4,RACM15E-K,27 RECOM candidates,90.0,264.0,12.0,,3000.0,4 of 27,20001540,RACM15E-12SK/OF,80-275,12,4.2KV,RACM15E-K,0.0
13,40,VOF-S12C-12,matched 4,RACM15E-K,27 RECOM candidates,90.0,264.0,12.0,,3000.0,4 of 27,20001546,RACM15E-12SK/PMAD-CTN,80-275,12,4.2KV,RACM15E-K,0.0
14,40,VOF-S12C-12,matched 4,RACM15E-K,27 RECOM candidates,90.0,264.0,12.0,,3000.0,4 of 27,20001732,RACM15E-12SK/PMAD-T,80-275,12,4.2KV,RACM15E-K,0.0
15,40,VOF-S12C-12,matched 4,RACM15E-K,27 RECOM candidates,90.0,264.0,12.0,,3000.0,4 of 27,20001595,RACM15E-12SK/PMCD-CTN,80-275,12,4.2KV,RACM15E-K,0.0
16,71,VOF-S25B-5,matched 4,RAC20-K,24 RECOM candidates,90.0,264.0,5.0,,3000.0,4 of 24,20001167,RAC20-05SK,85-264,05,3KV,RAC20-K,5.0
17,71,VOF-S25B-5,matched 4,RAC20-K,24 RECOM candidates,90.0,264.0,5.0,,3000.0,4 of 24,20001498,RAC20-05SK/X5A,85-264,05,3KV,RAC20-K,5.0
18,71,VOF-S25B-5,matched 4,RAC20-K,24 RECOM candidates,90.0,264.0,5.0,,3000.0,4 of 24,20001657,RAC20-05SK/X2A,85-264,05,3KV,RAC20-K,5.0
19,71,VOF-S25B-5,matched 4,RAC20-K,24 RECOM candidates,90.0,264.0,5.0,,3000.0,4 of 24,20001400,RAC20-05SK/X6,85-264,05,4KV,RAC20-K,4.0
20,86,VOF-S25B-48,matched 1,RAC20-K,24 RECOM candidates,90.0,264.0,48.0,,3000.0,1 of 24,20001171,RAC20-48SK,85-264,48,3KV,RAC20-K,5.0
21,88,VOF-S25B-24,matched 5,RAC20-K,24 RECOM candidates,90.0,264.0,24.0,,3000.0,5 of 24,20001170,RAC20-24SK,85-264,24,3KV,RAC20-K,5.0
22,88,VOF-S25B-24,matched 5,RAC20-K,24 RECOM candidates,90.0,264.0,24.0,,3000.0,5 of 24,20001451,RAC20-24SK/X8A,85-264,24,3KV,RAC20-K,5.0
23,88,VOF-S25B-24,matched 5,RAC20-K,24 RECOM candidates,90.0,264.0,24.0,,3000.0,5 of 24,20001493,RAC20-24SK/X5A,85-264,24,3KV,RAC20-K,5.0
24,88,VOF-S25B-24,matched 5,RAC20-K,24 RECOM candidates,90.0,264.0,24.0,,3000.0,5 of 24,20001495,RAC20-24SK/OVG,85-264,24,3KV,RAC20-K,5.0
25,88,VOF-S25B-24,matched 5,RAC20-K,24 RECOM candidates,90.0,264.0,24.0,,3000.0,5 of 24,20001234,RAC20-24SK/X6,85-264,24,4KV,RAC20-K,4.0
26,89,VOF-S25B-15,matched 1,RAC20-K,24 RECOM candidates,90.0,264.0,15.0,,3000.0,1 of 24,20001169,RAC20-15SK,85-264,15,3KV,RAC20-K,5.0
27,90,VOF-S25B-12,matched 5,RAC20-K,24 RECOM candidates,90.0,264.0,12.0,,3000.0,5 of 24,20001168,RAC20-12SK,85-264,12,3KV,RAC20-K,5.0
28,90,VOF-S25B-12,matched 5,RAC20-K,24 RECOM candidates,90.0,264.0,12.0,,3000.0,5 of 24,20001297,RAC20-12SK/X2-34,85-264,12,3KV,RAC20-K,5.0
29,90,VOF-S25B-12,matched 5,RAC20-K,24 RECOM candidates,90.0,264.0,12.0,,3000.0,5 of 24,20001401,RAC20-12SK/X5A,85-264,12,3KV,RAC20-K,5.0
30,90,VOF-S25B-12,matched 5,RAC20-K,24 RECOM candidates,90.0,264.0,12.0,,3000.0,5 of 24,20001494,RAC20-12SK/OVG,85-264,12,3KV,RAC20-K,5.0
31,90,VOF-S25B-12,matched 5,RAC20-K,24 RECOM candidates,90.0,264.0,12.0,,3000.0,5 of 24,20001253,RAC20-12SK/X6,85-264,12,4KV,RAC20-K,4.0
32,96,VOF-S60C-5,matched 9,RACM60-K,65 RECOM candidates,90.0,264.0,5.0,,3000.0,9 of 65,21000365,RACM60-05SK/OF,80-264,05,4.2KV,RACM60-K,2.0
33,96,VOF-S60C-5,matched 9,RACM60-K,65 RECOM candidates,90.0,264.0,5.0,,3000.0,9 of 65,20001347,RACM60-05SK/OF-CTN,80-264,05,4.2KV,RACM60-K,2.0
34,96,VOF-S60C-5,matched 9,RACM60-K,65 RECOM candidates,90.0,264.0,5.0,,3000.0,9 of 65,21000383,RACM60-05SK/OF/PCB-T,80-264,05,4.2KV,RACM60-K,2.0
35,96,VOF-S60C-5,matched 9,RACM60-K,65 RECOM candidates,90.0,264.0,5.0,,3000.0,9 of 65,20001279,RACM60-05SK/OF/2x4,80-264,05,4.2KV,RACM60-K,2.0
36,96,VOF-S60C-5,matched 9,RACM60-K,65 RECOM candidates,90.0,264.0,5.0,,3000.0,9 of 65,20001353,RACM60-05SK/OF/2x4-CTN,80-264,05,4.2KV,RACM60-K,2.0
37,96,VOF-S60C-5,matched 9,RACM60-K,65 RECOM candidates,90.0,264.0,5.0,,3000.0,9 of 65,20001285,RACM60-05SK/ENC,80-264,05,4.2KV,RACM60-K,2.0
38,96,VOF-S60C-5,matched 9,RACM60-K,65 RECOM candidates,90.0,264.0,5.0,,3000.0,9 of 65,20001291,RACM60-05SK/ENC/2x4,80-264,05,4.2KV,RACM60-K,2.0
39,96,VOF-S60C-5,matched 9,RACM60-K,65 RECOM candidates,90.0,264.0,5.0,,3000.0,9 of 65,20001408,RACM60-05SK/MB/2x4,80-264,05,4.2KV,RACM60-K,2.0
40,96,VOF-S60C-5,matched 9,RACM60-K,65 RECOM candidates,90.0,264.0,5.0,,3000.0,9 of 65,20001326,RACM60-05SK/277/OF-T,80-305,05,4.2KV,RACM60-K,0.0
41,114,VOF-50B-24,matched 12,RACM60-K,65 RECOM candidates,90.0,264.0,24.0,,3000.0,12 of 65,21000368,RACM60-24SK/OF,80-264,24,4.2KV,RACM60-K,2.0
42,114,VOF-50B-24,matched 12,RACM60-K,65 RECOM candidates,90.0,264.0,24.0,,3000.0,12 of 65,20001350,RACM60-24SK/OF-CTN,80-264,24,4.2KV,RACM60-K,2.0
43,114,VOF-50B-24,matched 12,RACM60-K,65 RECOM candidates,90.0,264.0,24.0,,3000.0,12 of 65,21000386,RACM60-24SK/OF/PCB-T,80-264,24,4.2KV,RACM60-K,2.0
44,114,VOF-50B-24,matched 12,RACM60-K,65 RECOM candidates,90.0,264.0,24.0,,3000.0,12 of 65,20001282,RACM60-24SK/OF/2x4,80-264,24,4.2KV,RACM60-K,2.0
45,114,VOF-50B-24,matched 12,RACM60-K,65 RECOM candidates,90.0,264.0,24.0,,3000.0,12 of 65,20001323,RACM60-24SK/OF/2x4/6P,80-264,24,4.2KV,RACM60-K,2.0
46,114,VOF-50B-24,matched 12,RACM60-K,65 RECOM candidates,90.0,264.0,24.0,,3000.0,12 of 65,20001324,RACM60-24SK/OF/2x4/6P-WH,80-264,24,4.2KV,RACM60-K,2.0
47,114,VOF-50B-24,matched 12,RACM60-K,65 RECOM candidates,90.0,264.0,24.0,,3000.0,12 of 65,20001356,RACM60-24SK/OF/2x4-CTN,80-264,24,4.2KV,RACM60-K,2.0
48,114,VOF-50B-24,matched 12,RACM60-K,65 RECOM candidates,90.0,264.0,24.0,,3000.0,12 of 65,20001288,RACM60-24SK/ENC,80-264,24,4.2KV,RACM60-K,2.0
49,114,VOF-50B-24,matched 12,RACM60-K,65 RECOM candidates,90.0,264.0,24.0,,3000.0,12 of 65,20001294,RACM60-24SK/ENC/2x4,80-264,24,4.2KV,RACM60-K,2.0
50,114,VOF-50B-24,matched 12,RACM60-K,65 RECOM candidates,90.0,264.0,24.0,,3000.0,12 of 65,20001729,RACM60-24SK/ENC/2x4/DIN,80-264,24,4.2KV,RACM60-K,2.0
51,114,VOF-50B-24,matched 12,RACM60-K,65 RECOM candidates,90.0,264.0,24.0,,3000.0,12 of 65,20001411,RACM60-24SK/MB/2x4,80-264,24,4.2KV,RACM60-K,2.0
52,114,VOF-50B-24,matched 12,RACM60-K,65 RECOM candidates,90.0,264.0,24.0,,3000.0,12 of 65,20001329,RACM60-24SK/277/OF-T,80-305,24,4.2KV,RACM60-K,0.0
53,115,VOF-50B-12,matched 11,RACM60-K,65 RECOM candidates,90.0,264.0,12.0,,3000.0,11 of 65,21000366,RACM60-12SK/OF,80-264,12,4.2KV,RACM60-K,2.0
54,115,VOF-50B-12,matched 11,RACM60-K,65 RECOM candidates,90.0,264.0,12.0,,3000.0,11 of 65,20001252,RACM60-12SK/OF/XR,80-264,12,4.2KV,RACM60-K,2.0
55,115,VOF-50B-12,matched 11,RACM60-K,65 RECOM candidates,90.0,264.0,12.0,,3000.0,11 of 65,20001348,RACM60-12SK/OF-CTN,80-264,12,4.2KV,RACM60-K,2.0
56,115,VOF-50B-12,matched 11,RACM60-K,65 RECOM candidates,90.0,264.0,12.0,,3000.0,11 of 65,21000384,RACM60-12SK/OF/PCB-T,80-264,12,4.2KV,RACM60-K,2.0
57,115,VOF-50B-12,matched 11,RACM60-K,65 RECOM candidates,90.0,264.0,12.0,,3000.0,11 of 65,20001280,RACM60-12SK/OF/2x4,80-264,12,4.2KV,RACM60-K,2.0
58,115,VOF-50B-12,matched 11,RACM60-K,65 RECOM candidates,90.0,264.0,12.0,,3000.0,11 of 65,20001325,RACM60-12SK/OF/2x4/6P,80-264,12,4.2KV,RACM60-K,2.0
59,115,VOF-50B-12,matched 11,RACM60-K,65 RECOM candidates,90.0,264.0,12.0,,3000.0,11 of 65,20001354,RACM60-12SK/OF/2x4-CTN,80-264,12,4.2KV,RACM60-K,2.0
60,115,VOF-50B-12,matched 11,RACM60-K,65 RECOM candidates,90.0,264.0,12.0,,3000.0,11 of 65,20001286,RACM60-12SK/ENC,80-264,12,4.2KV,RACM60-K,2.0
61,115,VOF-50B-12,matched 11,RACM60-K,65 RECOM candidates,90.0,264.0,12.0,,3000.0,11 of 65,20001292,RACM60-12SK/ENC/2x4,80-264,12,4.2KV,RACM60-K,2.0
62,115,VOF-50B-12,matched 11,RACM60-K,65 RECOM candidates,90.0,264.0,12.0,,3000.0,11 of 65,20001409,RACM60-12SK/MB/2x4,80-264,12,4.2KV,RACM60-K,2.0
63,115,VOF-50B-12,matched 11,RACM60-K,65 RECOM candidates,90.0,264.0,12.0,,3000.0,11 of 65,20001327,RACM60-12SK/277/OF-T,80-305,12,4.2KV,RACM60-K,0.0
64,116,VOF-50B-15,matched 9,RACM60-K,65 RECOM candidates,90.0,264.0,15.0,,3000.0,9 of 65,21000367,RACM60-15SK/OF,80-264,15,4.2KV,RACM60-K,2.0
65,116,VOF-50B-15,matched 9,RACM60-K,65 RECOM candidates,90.0,264.0,15.0,,3000.0,9 of 65,20001349,RACM60-15SK/OF-CTN,80-264,15,4.2KV,RACM60-K,2.0
66,116,VOF-50B-15,matched 9,RACM60-K,65 RECOM candidates,90.0,264.0,15.0,,3000.0,9 of 65,21000385,RACM60-15SK/OF/PCB-T,80-264,15,4.2KV,RACM60-K,2.0
67,116,VOF-50B-15,matched 9,RACM60-K,65 RECOM candidates,90.0,264.0,15.0,,3000.0,9 of 65,20001281,RACM60-15SK/OF/2x4,80-264,15,4.2KV,RACM60-K,2.0
68,116,VOF-50B-15,matched 9,RACM60-K,65 RECOM candidates,90.0,264.0,15.0,,3000.0,9 of 65,20001355,RACM60-15SK/OF/2x4-CTN,80-264,15,4.2KV,RACM60-K,2.0
69,116,VOF-50B-15,matched 9,RACM60-K,65 RECOM candidates,90.0,264.0,15.0,,3000.0,9 of 65,20001287,RACM60-15SK/ENC,80-264,15,4.2KV,RACM60-K,2.0
70,116,VOF-50B-15,matched 9,RACM60-K,65 RECOM candidates,90.0,264.0,15.0,,3000.0,9 of 65,20001293,RACM60-15SK/ENC/2x4,80-264,15,4.2KV,RACM60-K,2.0
71,116,VOF-50B-15,matched 9,RACM60-K,65 RECOM candidates,90.0,264.0,15.0,,3000.0,9 of 65,20001410,RACM60-15SK/MB/2x4,80-264,15,4.2KV,RACM60-K,2.0
72,116,VOF-50B-15,matched 9,RACM60-K,65 RECOM candidates,90.0,264.0,15.0,,3000.0,9 of 65,20001328,RACM60-15SK/277/OF-T,80-305,15,4.2KV,RACM60-K,0.0
73,117,VOF-S60C-48,matched 9,RACM60-K,65 RECOM candidates,90.0,264.0,48.0,,3000.0,9 of 65,21000370,RACM60-48SK/OF,80-264,48,4.2KV,RACM60-K,2.0
74,117,VOF-S60C-48,matched 9,RACM60-K,65 RECOM candidates,90.0,264.0,48.0,,3000.0,9 of 65,20001352,RACM60-48SK/OF-CTN,80-264,48,4.2KV,RACM60-K,2.0
75,117,VOF-S60C-48,matched 9,RACM60-K,65 RECOM candidates,90.0,264.0,48.0,,3000.0,9 of 65,21000388,RACM60-48SK/OF/PCB-T,80-264,48,4.2KV,RACM60-K,2.0
76,117,VOF-S60C-48,matched 9,RACM60-K,65 RECOM candidates,90.0,264.0,48.0,,3000.0,9 of 65,20001284,RACM60-48SK/OF/2x4,80-264,48,4.2KV,RACM60-K,2.0
77,117,VOF-S60C-48,matched 9,RACM60-K,65 RECOM candidates,90.0,264.0,48.0,,3000.0,9 of 65,20001358,RACM60-48SK/OF/2x4-CTN,80-264,48,4.2KV,RACM60-K,2.0
78,117,VOF-S60C-48,matched 9,RACM60-K,65 RECOM candidates,90.0,264.0,48.0,,3000.0,9 of 65,20001290,RACM60-48SK/ENC,80-264,48,4.2KV,RACM60-K,2.0
79,117,VOF-S60C-48,matched 9,RACM60-K,65 RECOM candidates,90.0,264.0,48.0,,3000.0,9 of 65,20001296,RACM60-48SK/ENC/2x4,80-264,48,4.2KV,RACM60-K,2.0
80,117,VOF-S60C-48,matched 9,RACM60-K,65 RECOM candidates,90.0,264.0,48.0,,3000.0,9 of 65,20001413,RACM60-48SK/MB/2x4,80-264,48,4.2KV,RACM60-K,2.0
81,117,VOF-S60C-48,matched 9,RACM60-K,65 RECOM candidates,90.0,264.0,48.0,,3000.0,9 of 65,20001331,RACM60-48SK/277/OF-T,80-305,48,4.2KV,RACM60-K,0.0
82,118,VOF-S60C-36,matched 9,RACM60-K,65 RECOM candidates,90.0,264.0,36.0,,3000.0,9 of 65,21000369,RACM60-36SK/OF,80-264,36,4.2KV,RACM60-K,2.0
83,118,VOF-S60C-36,matched 9,RACM60-K,65 RECOM candidates,90.0,264.0,36.0,,3000.0,9 of 65,20001351,RACM60-36SK/OF-CTN,80-264,36,4.2KV,RACM60-K,2.0
84,118,VOF-S60C-36,matched 9,RACM60-K,65 RECOM candidates,90.0,264.0,36.0,,3000.0,9 of 65,21000387,RACM60-36SK/OF/PCB-T,80-264,36,4.2KV,RACM60-K,2.0
85,118,VOF-S60C-36,matched 9,RACM60-K,65 RECOM candidates,90.0,264.0,36.0,,3000.0,9 of 65,20001283,RACM60-36SK/OF/2x4,80-264,36,4.2KV,RACM60-K,2.0
86,118,VOF-S60C-36,matched 9,RACM60-K,65 RECOM candidates,90.0,264.0,36.0,,3000.0,9 of 65,20001357,RACM60-36SK/OF/2x4-CTN,80-264,36,4.2KV,RACM60-K,2.0
87,118,VOF-S60C-36,matched 9,RACM60-K,65 RECOM candidates,90.0,264.0,36.0,,3000.0,9 of 65,20001289,RACM60-36SK/ENC,80-264,36,4.2KV,RACM60-K,2.0
88,118,VOF-S60C-36,matched 9,RACM60-K,65 RECOM candidates,90.0,264.0,36.0,,3000.0,9 of 65,20001295,RACM60-36SK/ENC/2x4,80-264,36,4.2KV,RACM60-K,2.0
89,118,VOF-S60C-36,matched 9,RACM60-K,65 RECOM candidates,90.0,264.0,36.0,,3000.0,9 of 65,20001412,RACM60-36SK/MB/2x4,80-264,36,4.2KV,RACM60-K,2.0
90,118,VOF-S60C-36,matched 9,RACM60-K,65 RECOM candidates,90.0,264.0,36.0,,3000.0,9 of 65,20001330,RACM60-36SK/277/OF-T,80-305,36,4.2KV,RACM60-K,0.0
91,119,VOF-S60C-24,matched 12,RACM60-K,65 RECOM candidates,90.0,264.0,24.0,,3000.0,12 of 65,21000368,RACM60-24SK/OF,80-264,24,4.2KV,RACM60-K,2.0
92,119,VOF-S60C-24,matched 12,RACM60-K,65 RECOM candidates,90.0,264.0,24.0,,3000.0,12 of 65,20001350,RACM60-24SK/OF-CTN,80-264,24,4.2KV,RACM60-K,2.0
93,119,VOF-S60C-24,matched 12,RACM60-K,65 RECOM candidates,90.0,264.0,24.0,,3000.0,12 of 65,21000386,RACM60-24SK/OF/PCB-T,80-264,24,4.2KV,RACM60-K,2.0
94,119,VOF-S60C-24,matched 12,RACM60-K,65 RECOM candidates,90.0,264.0,24.0,,3000.0,12 of 65,20001282,RACM60-24SK/OF/2x4,80-264,24,4.2KV,RACM60-K,2.0
95,119,VOF-S60C-24,matched 12,RACM60-K,65 RECOM candidates,90.0,264.0,24.0,,3000.0,12 of 65,20001323,RACM60-24SK/OF/2x4/6P,80-264,24,4.2KV,RACM60-K,2.0
96,119,VOF-S60C-24,matched 12,RACM60-K,65 RECOM candidates,90.0,264.0,24.0,,3000.0,12 of 65,20001324,RACM60-24SK/OF/2x4/6P-WH,80-264,24,4.2KV,RACM60-K,2.0
97,119,VOF-S60C-24,matched 12,RACM60-K,65 RECOM candidates,90.0,264.0,24.0,,3000.0,12 of 65,20001356,RACM60-24SK/OF/2x4-CTN,80-264,24,4.2KV,RACM60-K,2.0
98,119,VOF-S60C-24,matched 12,RACM60-K,65 RECOM candidates,90.0,264.0,24.0,,3000.0,12 of 65,20001288,RACM60-24SK/ENC,80-264,24,4.2KV,RACM60-K,2.0
99,119,VOF-S60C-24,matched 12,RACM60-K,65 RECOM candidates,90.0,264.0,24.0,,3000.0,12 of 65,20001294,RACM60-24SK/ENC/2x4,80-264,24,4.2KV,RACM60-K,2.0
100,119,VOF-S60C-24,matched 12,RACM60-K,65 RECOM candidates,90.0,264.0,24.0,,3000.0,12 of 65,20001729,RACM60-24SK/ENC/2x4/DIN,80-264,24,4.2KV,RACM60-K,2.0
101,119,VOF-S60C-24,matched 12,RACM60-K,65 RECOM candidates,90.0,264.0,24.0,,3000.0,12 of 65,20001411,RACM60-24SK/MB/2x4,80-264,24,4.2KV,RACM60-K,2.0
102,119,VOF-S60C-24,matched 12,RACM60-K,65 RECOM candidates,90.0,264.0,24.0,,3000.0,12 of 65,20001329,RACM60-24SK/277/OF-T,80-305,24,4.2KV,RACM60-K,0.0
103,120,VOF-S60C-15,matched 9,RACM60-K,65 RECOM candidates,90.0,264.0,15.0,,3000.0,9 of 65,21000367,RACM60-15SK/OF,80-264,15,4.2KV,RACM60-K,2.0
104,120,VOF-S60C-15,matched 9,RACM60-K,65 RECOM candidates,90.0,264.0,15.0,,3000.0,9 of 65,20001349,RACM60-15SK/OF-CTN,80-264,15,4.2KV,RACM60-K,2.0
105,120,VOF-S60C-15,matched 9,RACM60-K,65 RECOM candidates,90.0,264.0,15.0,,3000.0,9 of 65,21000385,RACM60-15SK/OF/PCB-T,80-264,15,4.2KV,RACM60-K,2.0
106,120,VOF-S60C-15,matched 9,RACM60-K,65 RECOM candidates,90.0,264.0,15.0,,3000.0,9 of 65,20001281,RACM60-15SK/OF/2x4,80-264,15,4.2KV,RACM60-K,2.0
107,120,VOF-S60C-15,matched 9,RACM60-K,65 RECOM candidates,90.0,264.0,15.0,,3000.0,9 of 65,20001355,RACM60-15SK/OF/2x4-CTN,80-264,15,4.2KV,RACM60-K,2.0
108,120,VOF-S60C-15,matched 9,RACM60-K,65 RECOM candidates,90.0,264.0,15.0,,3000.0,9 of 65,20001287,RACM60-15SK/ENC,80-264,15,4.2KV,RACM60-K,2.0
109,120,VOF-S60C-15,matched 9,RACM60-K,65 RECOM candidates,90.0,264.0,15.0,,3000.0,9 of 65,20001293,RACM60-15SK/ENC/2x4,80-264,15,4.2KV,RACM60-K,2.0
110,120,VOF-S60C-15,matched 9,RACM60-K,65 RECOM candidates,90.0,264.0,15.0,,3000.0,9 of 65,20001410,RACM60-15SK/MB/2x4,80-264,15,4.2KV,RACM60-K,2.0
111,120,VOF-S60C-15,matched 9,RACM60-K,65 RECOM candidates,90.0,264.0,15.0,,3000.0,9 of 65,20001328,RACM60-15SK/277/OF-T,80-305,15,4.2KV,RACM60-K,0.0
112,121,VOF-S60C-12,matched 11,RACM60-K,65 RECOM candidates,90.0,264.0,12.0,,3000.0,11 of 65,21000366,RACM60-12SK/OF,80-264,12,4.2KV,RACM60-K,2.0
113,121,VOF-S60C-12,matched 11,RACM60-K,65 RECOM candidates,90.0,264.0,12.0,,3000.0,11 of 65,20001252,RACM60-12SK/OF/XR,80-264,12,4.2KV,RACM60-K,2.0
114,121,VOF-S60C-12,matched 11,RACM60-K,65 RECOM candidates,90.0,264.0,12.0,,3000.0,11 of 65,20001348,RACM60-12SK/OF-CTN,80-264,12,4.2KV,RACM60-K,2.0
115,121,VOF-S60C-12,matched 11,RACM60-K,65 RECOM candidates,90.0,264.0,12.0,,3000.0,11 of 65,21000384,RACM60-12SK/OF/PCB-T,80-264,12,4.2KV,RACM60-K,2.0
116,121,VOF-S60C-12,matched 11,RACM60-K,65 RECOM candidates,90.0,264.0,12.0,,3000.0,11 of 65,20001280,RACM60-12SK/OF/2x4,80-264,12,4.2KV,RACM60-K,2.0
117,121,VOF-S60C-12,matched 11,RACM60-K,65 RECOM candidates,90.0,264.0,12.0,,3000.0,11 of 65,20001325,RACM60-12SK/OF/2x4/6P,80-264,12,4.2KV,RACM60-K,2.0
118,121,VOF-S60C-12,matched 11,RACM60-K,65 RECOM candidates,90.0,264.0,12.0,,3000.0,11 of 65,20001354,RACM60-12SK/OF/2x4-CTN,80-264,12,4.2KV,RACM60-K,2.0
119,121,VOF-S60C-12,matched 11,RACM60-K,65 RECOM candidates,90.0,264.0,12.0,,3000.0,11 of 65,20001286,RACM60-12SK/ENC,80-264,12,4.2KV,RACM60-K,2.0
120,121,VOF-S60C-12,matched 11,RACM60-K,65 RECOM candidates,90.0,264.0,12.0,,3000.0,11 of 65,20001292,RACM60-12SK/ENC/2x4,80-264,12,4.2KV,RACM60-K,2.0
121,121,VOF-S60C-12,matched 11,RACM60-K,65 RECOM candidates,90.0,264.0,12.0,,3000.0,11 of 65,20001409,RACM60-12SK/MB/2x4,80-264,12,4.2KV,RACM60-K,2.0
122,121,VOF-S60C-12,matched 11,RACM60-K,65 RECOM candidates,90.0,264.0,12.0,,3000.0,11 of 65,20001327,RACM60-12SK/277/OF-T,80-305,12,4.2KV,RACM60-K,0.0
123,313,VOF-180-48,matched 2,RACM230-G,12 RECOM candidates,80.0,264.0,48.0,,3000.0,2 of 12,21000353,RACM230-48SG,80-264,48,4KV,RACM230-G,4.0
124,313,VOF-180-48,matched 2,RACM230-G,12 RECOM candidates,80.0,264.0,48.0,,3000.0,2 of 12,21000392,RACM230-48SG/ENC,80-264,48,4KV,RACM230-G,4.0
125,315,VOF-180-24,matched 2,RACM230-G,12 RECOM candidates,80.0,264.0,24.0,,3000.0,2 of 12,21000351,RACM230-24SG,80-264,24,4KV,RACM230-G,4.0
126,315,VOF-180-24,matched 2,RACM230-G,12 RECOM candidates,80.0,264.0,24.0,,3000.0,2 of 12,21000390,RACM230-24SG/ENC,80-264,24,4KV,RACM230-G,4.0
127,317,VOF-180-12,matched 2,RACM230-G,12 RECOM candidates,80.0,264.0,12.0,,3000.0,2 of 12,21000350,RACM230-12SG,80-264,12,4KV,RACM230-G,4.0
128,317,VOF-180-12,matched 2,RACM230-G,12 RECOM candidates,80.0,264.0,12.0,,3000.0,2 of 12,21000389,RACM230-12SG/ENC,80-264,12,4KV,RACM230-G,4.0
129,367,VOF-275-12,matched 2,RACM230-G,12 RECOM candidates,80.0,264.0,12.0,,3000.0,2 of 12,21000350,RACM230-12SG,80-264,12,4KV,RACM230-G,4.0
130,367,VOF-275-12,matched 2,RACM230-G,12 RECOM candidates,80.0,264.0,12.0,,3000.0,2 of 12,21000389,RACM230-12SG/ENC,80-264,12,4KV,RACM230-G,4.0
131,368,VOF-300-48-CNF,matched 2,RACM550-G,15 RECOM candidates,90.0,264.0,48.0,,3000.0,2 of 15,21000338,RACM550-48SG/OF,80-264,48,4KV,RACM550-G,2.0
132,368,VOF-300-48-CNF,matched 2,RACM550-G,15 RECOM candidates,90.0,264.0,48.0,,3000.0,2 of 15,21000396,RACM550-48SG/ENC,80-264,48,4KV,RACM550-G,2.0
133,369,VOF-300-36-CNF,matched 3,RACM550-G,15 RECOM candidates,90.0,264.0,36.0,,3000.0,3 of 15,21000337,RACM550-36SG/OF,80-264,36,4KV,RACM550-G,2.0
134,369,VOF-300-36-CNF,matched 3,RACM550-G,15 RECOM candidates,90.0,264.0,36.0,,3000.0,3 of 15,20001430,RACM550-36SG/OF/MS,80-264,36,4KV,RACM550-G,2.0
135,369,VOF-300-36-CNF,matched 3,RACM550-G,15 RECOM candidates,90.0,264.0,36.0,,3000.0,3 of 15,21000395,RACM550-36SG/ENC,80-264,36,4KV,RACM550-G,2.0
136,370,VOF-300-24-CNF,matched 4,RACM550-G,15 RECOM candidates,90.0,264.0,24.0,,3000.0,4 of 15,21000336,RACM550-24SG/OF,80-264,24,4KV,RACM550-G,2.0
137,370,VOF-300-24-CNF,matched 4,RACM550-G,15 RECOM candidates,90.0,264.0,24.0,,3000.0,4 of 15,21000394,RACM550-24SG/ENC,80-264,24,4KV,RACM550-G,2.0
138,370,VOF-300-24-CNF,matched 4,RACM550-G,15 RECOM candidates,90.0,264.0,24.0,,3000.0,4 of 15,21000399,RACM550-24SG/ENC/F/DIN,80-264,24,4KV,RACM550-G,2.0
139,370,VOF-300-24-CNF,matched 4,RACM550-G,15 RECOM candidates,90.0,264.0,24.0,,3000.0,4 of 15,20001757,RACM550-24SG/OF401,80-264,24,4KV,RACM550-G,2.0
140,372,VOF-300-48,matched 2,RACM550-G,15 RECOM candidates,90.0,264.0,48.0,,3000.0,2 of 15,21000338,RACM550-48SG/OF,80-264,48,4KV,RACM550-G,2.0
141,372,VOF-300-48,matched 2,RACM550-G,15 RECOM candidates,90.0,264.0,48.0,,3000.0,2 of 15,21000396,RACM550-48SG/ENC,80-264,48,4KV,RACM550-G,2.0
142,373,VOF-300-36,matched 3,RACM550-G,15 RECOM candidates,90.0,264.0,36.0,,3000.0,3 of 15,21000337,RACM550-36SG/OF,80-264,36,4KV,RACM550-G,2.0
143,373,VOF-300-36,matched 3,RACM550-G,15 RECOM candidates,90.0,264.0,36.0,,3000.0,3 of 15,20001430,RACM550-36SG/OF/MS,80-264,36,4KV,RACM550-G,2.0
144,373,VOF-300-36,matched 3,RACM550-G,15 RECOM candidates,90.0,264.0,36.0,,3000.0,3 of 15,21000395,RACM550-36SG/ENC,80-264,36,4KV,RACM550-G,2.0
145,374,VOF-300-24,matched 4,RACM550-G,15 RECOM candidates,90.0,264.0,24.0,,3000.0,4 of 15,21000336,RACM550-24SG/OF,80-264,24,4KV,RACM550-G,2.0
146,374,VOF-300-24,matched 4,RACM550-G,15 RECOM candidates,90.0,264.0,24.0,,3000.0,4 of 15,21000394,RACM550-24SG/ENC,80-264,24,4KV,RACM550-G,2.0
147,374,VOF-300-24,matched 4,RACM550-G,15 RECOM candidates,90.0,264.0,24.0,,3000.0,4 of 15,21000399,RACM550-24SG/ENC/F/DIN,80-264,24,4KV,RACM550-G,2.0
148,374,VOF-300-24,matched 4,RACM550-G,15 RECOM candidates,90.0,264.0,24.0,,3000.0,4 of 15,20001757,RACM550-24SG/OF401,80-264,24,4KV,RACM550-G,2.0
149,455,PCM-400-48-U,matched 2,RACM600-L,8 RECOM candidates,90.0,264.0,48.0,,3000.0,2 of 8,20000898,RACM600-48SL/OF,80-275,48,4KV,RACM600-L,0.0
150,455,PCM-400-48-U,matched 2,RACM600-L,8 RECOM candidates,90.0,264.0,48.0,,3000.0,2 of 8,20001429,RACM600-48SL/RF,80-275,48,4KV,RACM600-L,0.0
151,458,PCM-400-24-U,matched 2,RACM600-L,8 RECOM candidates,90.0,264.0,24.0,,3000.0,2 of 8,20001422,RACM600-24SL/OF,80-275,24,4KV,RACM600-L,0.0
152,458,PCM-400-24-U,matched 2,RACM600-L,8 RECOM candidates,90.0,264.0,24.0,,3000.0,2 of 8,20001428,RACM600-24SL/RF,80-275,24,4KV,RACM600-L,0.0
153,461,PCM-400-12-U,matched 2,RACM600-L,8 RECOM candidates,90.0,264.0,12.0,,3000.0,2 of 8,20000897,RACM600-12SL/OF,80-275,12,4KV,RACM600-L,0.0
154,461,PCM-400-12-U,matched 2,RACM600-L,8 RECOM candidates,90.0,264.0,12.0,,3000.0,2 of 8,20001427,RACM600-12SL/RF,80-275,12,4KV,RACM600-L,0.0
155,465,VMS-450B-56,matched 2,RACM550-G,15 RECOM candidates,90.0,264.0,56.0,,4000.0,2 of 15,21000339,RACM550-56SG/OF,80-264,56,4KV,RACM550-G,3.0
156,465,VMS-450B-56,matched 2,RACM550-G,15 RECOM candidates,90.0,264.0,56.0,,4000.0,2 of 15,21000397,RACM550-56SG/ENC,80-264,56,4KV,RACM550-G,3.0
157,488,VMS-450B-48,matched 2,RACM550-G,15 RECOM candidates,90.0,264.0,48.0,,4000.0,2 of 15,21000338,RACM550-48SG/OF,80-264,48,4KV,RACM550-G,3.0
158,488,VMS-450B-48,matched 2,RACM550-G,15 RECOM candidates,90.0,264.0,48.0,,4000.0,2 of 15,21000396,RACM550-48SG/ENC,80-264,48,4KV,RACM550-G,3.0
159,489,VMS-450B-36,matched 3,RACM550-G,15 RECOM candidates,90.0,264.0,36.0,,4000.0,3 of 15,21000337,RACM550-36SG/OF,80-264,36,4KV,RACM550-G,3.0
160,489,VMS-450B-36,matched 3,RACM550-G,15 RECOM candidates,90.0,264.0,36.0,,4000.0,3 of 15,20001430,RACM550-36SG/OF/MS,80-264,36,4KV,RACM550-G,3.0
161,489,VMS-450B-36,matched 3,RACM550-G,15 RECOM candidates,90.0,264.0,36.0,,4000.0,3 of 15,21000395,RACM550-36SG/ENC,80-264,36,4KV,RACM550-G,3.0
162,490,VMS-450B-24,matched 4,RACM550-G,15 RECOM candidates,90.0,264.0,24.0,,4000.0,4 of 15,21000336,RACM550-24SG/OF,80-264,24,4KV,RACM550-G,3.0
163,490,VMS-450B-24,matched 4,RACM550-G,15 RECOM candidates,90.0,264.0,24.0,,4000.0,4 of 15,21000394,RACM550-24SG/ENC,80-264,24,4KV,RACM550-G,3.0
164,490,VMS-450B-24,matched 4,RACM550-G,15 RECOM candidates,90.0,264.0,24.0,,4000.0,4 of 15,21000399,RACM550-24SG/ENC/F/DIN,80-264,24,4KV,RACM550-G,3.0
165,490,VMS-450B-24,matched 4,RACM550-G,15 RECOM candidates,90.0,264.0,24.0,,4000.0,4 of 15,20001757,RACM550-24SG/OF401,80-264,24,4KV,RACM550-G,3.0
166,497,VOF-550-48,matched 2,RACM550-G,15 RECOM candidates,90.0,264.0,48.0,,3000.0,2 of 15,21000338,RACM550-48SG/OF,80-264,48,4KV,RACM550-G,2.0
167,497,VOF-550-48,matched 2,RACM550-G,15 RECOM candidates,90.0,264.0,48.0,,3000.0,2 of 15,21000396,RACM550-48SG/ENC,80-264,48,4KV,RACM550-G,2.0
168,498,VOF-550-30,matched 2,RACM550-G,15 RECOM candidates,90.0,264.0,30.0,,3000.0,2 of 15,20001591,RACM550-30SG/OF,80-264,30,4KV,RACM550-G,2.0
169,498,VOF-550-30,matched 2,RACM550-G,15 RECOM candidates,90.0,264.0,30.0,,3000.0,2 of 15,20001592,RACM550-30SG/ENC,80-264,30,4KV,RACM550-G,2.0
170,499,VOF-550-24,matched 4,RACM550-G,15 RECOM candidates,90.0,264.0,24.0,,3000.0,4 of 15,21000336,RACM550-24SG/OF,80-264,24,4KV,RACM550-G,2.0
171,499,VOF-550-24,matched 4,RACM550-G,15 RECOM candidates,90.0,264.0,24.0,,3000.0,4 of 15,21000394,RACM550-24SG/ENC,80-264,24,4KV,RACM550-G,2.0
172,499,VOF-550-24,matched 4,RACM550-G,15 RECOM candidates,90.0,264.0,24.0,,3000.0,4 of 15,21000399,RACM550-24SG/ENC/F/DIN,80-264,24,4KV,RACM550-G,2.0
173,499,VOF-550-24,matched 4,RACM550-G,15 RECOM candidates,90.0,264.0,24.0,,3000.0,4 of 15,20001757,RACM550-24SG/OF401,80-264,24,4KV,RACM550-G,2.0
