,CUI Part,CUI Series,status,RECOM series,RECOM Series matches,vin_min,vin_max,vout_1,vout_2,isolation,num_outputs,Recom 1,Recom 2,Recom 3,Recom 4,match_count,Recom 5
0,PHP1-S3-S5-M,php1-m,invalid series,R1SE-xxxx/H2-R,0,,,,,,,,,,,,
1,PCM1-S5-S5-SA,pcm1-sa,invalid series,No RECOM Cross,0,,,,,,,,,,,,
2,PCN2-S5-D15-S,pcn2-s,matched 4,RKZE,113,4.5,5.5,15.0,-15.0,1000.0,2.0,RKZE-0515D,RKZE-0515D/H,RKZE-0515D/P,RKZE-0515D/HP,4.0,
3,PCN2-S5-D12-S,pcn2-s,matched 4,RKZE,113,4.5,5.5,12.0,-12.0,1000.0,2.0,RKZE-0512D,RKZE-0512D/H,RKZE-0512D/P,RKZE-0512D/HP,4.0,
4,PCN2-S5-D5-S,pcn2-s,matched 4,RKZE,113,4.5,5.5,5.0,-5.0,1000.0,2.0,RKZE-0505D,RKZE-0505D/H,RKZE-0505D/P,RKZE-0505D/HP,4.0,
5,PCN2-S5-S15-S,pcn2-s,matched 4,RKZE,113,4.5,5.5,15.0,,1000.0,1.0,RKZE-0515S,RKZE-0515S/H,RKZE-0515S/P,RKZE-0515S/HP,4.0,
6,PCN2-S5-S12-S,pcn2-s,matched 4,RKZE,113,4.5,5.5,12.0,,1000.0,1.0,RKZE-0512S,RKZE-0512S/H,RKZE-0512S/P,RKZE-0512S/HP,4.0,
7,PCN2-S5-S5-S,pcn2-s,matched 4,RKZE,113,4.5,5.5,5.0,,1000.0,1.0,RKZE-0505S,RKZE-0505S/H,RKZE-0505S/P,RKZE-0505S/HP,4.0,
8,PCSA1-S5-S15-S,pcsa1-s,matched 1,ROE,15,4.5,5.5,15.0,,1000.0,1.0,ROE-0515S,,,,1.0,
9,PCSA1-S5-S12-S,pcsa1-s,matched 1,ROE,15,4.5,5.5,12.0,,1000.0,1.0,ROE-0512S,,,,1.0,
10,PCSA1-S5-S5-S,pcsa1-s,matched 3,ROE,15,4.5,5.5,5.0,,1000.0,1.0,ROE-0505S,CU-ROE-0505S,WE-ROE-0505S,,3.0,
11,PHP1-S5-S15-M,php1-m,invalid series,R1SE-xxxx/H2-R,0,,,,,,,,,,,,
12,PHP1-S5-S12-M,php1-m,invalid series,R1SE-xxxx/H2-R,0,,,,,,,,,,,,
13,PHP1-S5-S5-M,php1-m,invalid series,R1SE-xxxx/H2-R,0,,,,,,,,,,,,
14,PEM1A-S5-S5-S,pem1a-s,invalid series,No RECOM Cross,0,,,,,,,,,,,,
15,PCM1-S5-S5-S,pcm1-s,No pcm1-s in Series Crosses @ Trustbit CUI.xlsx file,,,,,,,,,,,,,,
16,PCN1-S5-D15-M,pcn1-m,invalid series,No RECOM Cross,0,,,,,,,,,,,,
17,PCN1-S5-D12-M,pcn1-m,invalid series,No RECOM Cross,0,,,,,,,,,,,,
18,PCN1-S5-D5-M,pcn1-m,invalid series,No RECOM Cross,0,,,,,,,,,,,,
19,PCN1-S5-S15-M,pcn1-m,invalid series,No RECOM Cross,0,,,,,,,,,,,,
20,PCN1-S5-S12-M,pcn1-m,invalid series,No RECOM Cross,0,,,,,,,,,,,,
21,PCN1-S5-S5-M,pcn1-m,invalid series,No RECOM Cross,0,,,,,,,,,,,,
22,PCN1-S5-D15-S,pcn1-s,matched 2,RB,317,4.5,5.5,15.0,-15.0,1500.0,2.0,RB-0515D/H,RB-0515D/HP,,,2.0,
23,PCN1-S5-D12-S,pcn1-s,matched 2,RB,317,4.5,5.5,12.0,-12.0,1500.0,2.0,RB-0512D/H,RB-0512D/HP,,,2.0,
24,PCN1-S5-D5-S,pcn1-s,matched 2,RB,317,4.5,5.5,5.0,-5.0,1500.0,2.0,RB-0505D/H,RB-0505D/HP,,,2.0,
25,PCN1-S5-S15-S,pcn1-s,matched 2,RB,317,4.5,5.5,15.0,,1500.0,1.0,RB-0515S/H,RB-0515S/HP,,,2.0,
26,PCN1-S5-S12-S,pcn1-s,matched 2,RB,317,4.5,5.5,12.0,,1500.0,1.0,RB-0512S/H,RB-0512S/HP,,,2.0,
27,PCN1-S5-S5-S,pcn1-s,matched 2,RB,317,4.5,5.5,5.0,,1500.0,1.0,RB-0505S/H,RB-0505S/HP,,,2.0,
28,PDQ2-D5-D15-S,pdq2-s,invalid series,No RECOM Cross,0,,,,,,,,,,,,
29,PDQ2-D5-D12-S,pdq2-s,invalid series,No RECOM Cross,0,,,,,,,,,,,,
30,PDQ2-D5-D5-S,pdq2-s,invalid series,No RECOM Cross,0,,,,,,,,,,,,
31,PDQ2-D5-S15-S,pdq2-s,invalid series,No RECOM Cross,0,,,,,,,,,,,,
32,PDQ2-D5-S12-S,pdq2-s,invalid series,No RECOM Cross,0,,,,,,,,,,,,
33,PDQ2-D5-S5-S,pdq2-s,invalid series,No RECOM Cross,0,,,,,,,,,,,,
34,PDQ2-D5-S3-S,pdq2-s,invalid series,No RECOM Cross,0,,,,,,,,,,,,
35,P78A03-0500,p78a-0500,matched 2,R-78E-0.5,11,6.0,28.0,3.3,,0.0,1.0,R-78E3.3-0.5,R-78E3.3-0.5/X9,,,2.0,
36,P78A03-1000,p78a-1000,matched 1,R-78E-1.0,6,7.0,28.0,3.3,,0.0,1.0,R-78E3.3-1.0,,,,1.0,
37,P78A05-0500,p78a-0500,matched 2,R-78E-0.5,11,7.0,28.0,5.0,,0.0,1.0,R-78E5.0-0.5,R-78E5.0-0.5/X9,,,2.0,
38,P78A05-1000,p78a-1000,matched 3,R-78E-1.0,6,8.0,28.0,5.0,,0.0,1.0,R-78E5.0-1.0,R-78E5.0-1.0/X0,R-78E5.0-1.0/X9,,3.0,
39,PRC10W-72-D15,prc10w,invalid series,No RECOM Cross,0,,,,,,,,,,,,
40,PRC10W-72-D12,prc10w,invalid series,No RECOM Cross,0,,,,,,,,,,,,
41,PRC10W-72-D5,prc10w,invalid series,No RECOM Cross,0,,,,,,,,,,,,
42,PRC10W-72-S15,prc10w,invalid series,No RECOM Cross,0,,,,,,,,,,,,
43,PRC10W-72-S12,prc10w,invalid series,No RECOM Cross,0,,,,,,,,,,,,
44,PRC10W-72-S5,prc10w,invalid series,No RECOM Cross,0,,,,,,,,,,,,
45,PRFE20W-O72-D24N-D,prfe20w-d,invalid series,No RECOM Cross,0,,,,,,,,,,,,
46,PRFE20W-O72-D15N-D,prfe20w-d,invalid series,No RECOM Cross,0,,,,,,,,,,,,
47,PRFE20W-O72-D12N-D,prfe20w-d,invalid series,No RECOM Cross,0,,,,,,,,,,,,
48,PRFE20W-O72-S15N-D,prfe20w-d,invalid series,No RECOM Cross,0,,,,,,,,,,,,
49,PRFE20W-O72-S12N-D,prfe20w-d,invalid series,No RECOM Cross,0,,,,,,,,,,,,
50,PRFE20W-O72-S5N-D,prfe20w-d,invalid series,No RECOM Cross,0,,,,,,,,,,,,
51,PRFE20W-O72-D24-D,prfe20w-d,invalid series,No RECOM Cross,0,,,,,,,,,,,,
52,PRFE20W-O72-D12-D,prfe20w-d,invalid series,No RECOM Cross,0,,,,,,,,,,,,
53,PRFE20W-O72-S15-D,prfe20w-d,invalid series,No RECOM Cross,0,,,,,,,,,,,,
54,PRFE20W-O72-S5-D,prfe20w-d,invalid series,No RECOM Cross,0,,,,,,,,,,,,
55,PRFE20W-O72-S12-D,prfe20w-d,invalid series,No RECOM Cross,0,,,,,,,,,,,,
56,PRFE20W-O72-D15-D,prfe20w-d,invalid series,No RECOM Cross,0,,,,,,,,,,,,
57,PTP15-12-S24,ptp15,invalid series,No RECOM Cross,0,,,,,,,,,,,,
58,PTP15-12-S15,ptp15,invalid series,No RECOM Cross,0,,,,,,,,,,,,
59,PTP15-12-S12,ptp15,invalid series,No RECOM Cross,0,,,,,,,,,,,,
60,PTP15-12-S5,ptp15,invalid series,No RECOM Cross,0,,,,,,,,,,,,
61,PDQ2-D12-D15-S,pdq2-s,invalid series,No RECOM Cross,0,,,,,,,,,,,,
62,PDQ2-D12-D12-S,pdq2-s,invalid series,No RECOM Cross,0,,,,,,,,,,,,
63,PDQ2-D12-D5-S,pdq2-s,invalid series,No RECOM Cross,0,,,,,,,,,,,,
64,PDQ2-D12-S15-S,pdq2-s,invalid series,No RECOM Cross,0,,,,,,,,,,,,
65,PDQ2-D12-S12-S,pdq2-s,invalid series,No RECOM Cross,0,,,,,,,,,,,,
66,PDQ2-D12-S5-S,pdq2-s,invalid series,No RECOM Cross,0,,,,,,,,,,,,
67,PDQ2-D12-S3-S,pdq2-s,invalid series,No RECOM Cross,0,,,,,,,,,,,,
68,VAD3-D12-S5,vad3-d12,No vad3-d12 in Series Crosses @ Trustbit CUI.xlsx file,,,,,,,,,,,,,,
69,VAD3-D12-S3R3,vad3-d12,No vad3-d12 in Series Crosses @ Trustbit CUI.xlsx file,,,,,,,,,,,,,,
70,VAD3-D12-S15,vad3-d12,No vad3-d12 in Series Crosses @ Trustbit CUI.xlsx file,,,,,,,,,,,,,,
71,VAD3-D12-S12,vad3-d12,No vad3-d12 in Series Crosses @ Trustbit CUI.xlsx file,,,,,,,,,,,,,,
72,VAD3-D12-D5,vad3-d12,No vad3-d12 in Series Crosses @ Trustbit CUI.xlsx file,,,,,,,,,,,,,,
73,VAD3-D12-D15,vad3-d12,No vad3-d12 in Series Crosses @ Trustbit CUI.xlsx file,,,,,,,,,,,,,,
74,VAD3-D12-D12,vad3-d12,No vad3-d12 in Series Crosses @ Trustbit CUI.xlsx file,,,,,,,,,,,,,,
75,VCD40-D12-T515,vcd40,invalid series,No RECOM Cross,0,,,,,,,,,,,,
76,VCD40-D12-T512,vcd40,invalid series,No RECOM Cross,0,,,,,,,,,,,,
77,VCD40-D12-T315,vcd40,invalid series,No RECOM Cross,0,,,,,,,,,,,,
78,VCD40-D12-T312,vcd40,invalid series,No RECOM Cross,0,,,,,,,,,,,,
79,VCD40-D12-S5,vcd40,invalid series,No RECOM Cross,0,,,,,,,,,,,,
80,VCD40-D12-S3R3,vcd40,invalid series,No RECOM Cross,0,,,,,,,,,,,,
81,VCD40-D12-S2R5,vcd40,invalid series,No RECOM Cross,0,,,,,,,,,,,,
82,VCD40-D12-S15,vcd40,invalid series,No RECOM Cross,0,,,,,,,,,,,,
83,VCD40-D12-S12,vcd40,invalid series,No RECOM Cross,0,,,,,,,,,,,,
84,VCD40-D12-D15,vcd40,invalid series,No RECOM Cross,0,,,,,,,,,,,,
85,VCD40-D12-D12,vcd40,invalid series,No RECOM Cross,0,,,,,,,,,,,,
86,PVC300-24-S48,pvc300,invalid series,No RECOM Cross,0,,,,,,,,,,,,
87,PVC300-24-S24,pvc300,invalid series,No RECOM Cross,0,,,,,,,,,,,,
88,PVC300-24-S15,pvc300,invalid series,No RECOM Cross,0,,,,,,,,,,,,
89,PVC300-24-S12,pvc300,invalid series,No RECOM Cross,0,,,,,,,,,,,,
90,PRC40-24-D24,prc40,invalid series,No RECOM Cross,0,,,,,,,,,,,,
91,PRC40-24-D15,prc40,invalid series,No RECOM Cross,0,,,,,,,,,,,,
92,PRC40-24-D12,prc40,invalid series,No RECOM Cross,0,,,,,,,,,,,,
93,PRC40-24-S15,prc40,invalid series,No RECOM Cross,0,,,,,,,,,,,,
94,PRC40-24-S12,prc40,invalid series,No RECOM Cross,0,,,,,,,,,,,,
95,PRC40-24-S5,prc40,invalid series,No RECOM Cross,0,,,,,,,,,,,,
96,PRC40-24-S3,prc40,invalid series,No RECOM Cross,0,,,,,,,,,,,,
97,PRC60-24-S24,prc60,invalid series,No RECOM Cross,0,,,,,,,,,,,,
98,PRC60-24-D24,prc60,invalid series,No RECOM Cross,0,,,,,,,,,,,,
99,PRC60-24-D15,prc60,invalid series,No RECOM Cross,0,,,,,,,,,,,,
100,PRC60-24-D12,prc60,invalid series,No RECOM Cross,0,,,,,,,,,,,,
101,PRC60-24-S15,prc60,invalid series,No RECOM Cross,0,,,,,,,,,,,,
102,PRC60-24-S12,prc60,invalid series,No RECOM Cross,0,,,,,,,,,,,,
103,PRC60-24-S5,prc60,invalid series,No RECOM Cross,0,,,,,,,,,,,,
104,PRC60-24-S3,prc60,invalid series,No RECOM Cross,0,,,,,,,,,,,,
105,VHK150W-Q24-S5-DIN,vhk150w-din,invalid series,No RECOM Cross,0,,,,,,,,,,,,
106,PDQ30-Q24-D15-D,pdq30-d,invalid series,No RECOM Cross,0,,,,,,,,,,,,
107,PDQ30-Q24-D12-D,pdq30-d,invalid series,No RECOM Cross,0,,,,,,,,,,,,
108,PDQ30-Q24-S15-D,pdq30-d,invalid series,No RECOM Cross,0,,,,,,,,,,,,
109,PDQ30-Q24-S12-D,pdq30-d,invalid series,No RECOM Cross,0,,,,,,,,,,,,
110,PDQ30-Q24-S5-D,pdq30-d,invalid series,No RECOM Cross,0,,,,,,,,,,,,
111,PDQ15-Q24-D15-D,pdq15-d,No pdq15-d in Series Crosses @ Trustbit CUI.xlsx file,,,,,,,,,,,,,,
112,PDQ15-Q24-D12-D,pdq15-d,No pdq15-d in Series Crosses @ Trustbit CUI.xlsx file,,,,,,,,,,,,,,
113,PDQ15-Q24-D5-D,pdq15-d,No pdq15-d in Series Crosses @ Trustbit CUI.xlsx file,,,,,,,,,,,,,,
114,PDQ15-Q24-S15-D,pdq15-d,No pdq15-d in Series Crosses @ Trustbit CUI.xlsx file,,,,,,,,,,,,,,
115,PDQ15-Q24-S12-D,pdq15-d,No pdq15-d in Series Crosses @ Trustbit CUI.xlsx file,,,,,,,,,,,,,,
116,PDQ15-Q24-S5-D,pdq15-d,No pdq15-d in Series Crosses @ Trustbit CUI.xlsx file,,,,,,,,,,,,,,
117,PDQ10-Q24-D15-D,pdq10-d,No pdq10-d in Series Crosses @ Trustbit CUI.xlsx file,,,,,,,,,,,,,,
118,PDQ10-Q24-D12-D,pdq10-d,No pdq10-d in Series Crosses @ Trustbit CUI.xlsx file,,,,,,,,,,,,,,
119,PDQ10-Q24-D5-D,pdq10-d,No pdq10-d in Series Crosses @ Trustbit CUI.xlsx file,,,,,,,,,,,,,,
120,PDQ10-Q24-S15-D,pdq10-d,No pdq10-d in Series Crosses @ Trustbit CUI.xlsx file,,,,,,,,,,,,,,
121,PDQ10-Q24-S12-D,pdq10-d,No pdq10-d in Series Crosses @ Trustbit CUI.xlsx file,,,,,,,,,,,,,,
122,PDQ10-Q24-S5-D,pdq10-d,No pdq10-d in Series Crosses @ Trustbit CUI.xlsx file,,,,,,,,,,,,,,
123,PDQ30-Q24-S3-D,pdq30-d,invalid series,No RECOM Cross,0,,,,,,,,,,,,
124,PDQ15-Q24-S3-D,pdq15-d,No pdq15-d in Series Crosses @ Trustbit CUI.xlsx file,,,,,,,,,,,,,,
125,PDQ10-Q24-S3-D,pdq10-d,No pdq10-d in Series Crosses @ Trustbit CUI.xlsx file,,,,,,,,,,,,,,
126,VFB400W-Q24-S48,vfb400w,invalid series,No RECOM Cross,0,,,,,,,,,,,,
127,VFB400W-Q24-S28,vfb400w,invalid series,No RECOM Cross,0,,,,,,,,,,,,
128,VFB400W-Q24-S24,vfb400w,invalid series,No RECOM Cross,0,,,,,,,,,,,,
129,VFB400W-Q24-S12,vfb400w,invalid series,No RECOM Cross,0,,,,,,,,,,,,
130,VFB400W-Q24-S5,vfb400w,invalid series,No RECOM Cross,0,,,,,,,,,,,,
131,VHK150W-Q24-S5,vhk150w,matched 0,REC150H-UW,6,9.0,36.0,5.0,,1500.0,1.0,,,,,0.0,
132,VHK75W-Q24-S5-DIN,vhk75w-din,invalid series,No RECOM Cross,0,,,,,,,,,,,,
133,VHK75W-Q24-S48-DIN,vhk75w-din,invalid series,No RECOM Cross,0,,,,,,,,,,,,
134,VHK75W-Q24-S3R3-DIN,vhk75w-din,invalid series,No RECOM Cross,0,,,,,,,,,,,,
135,VHK75W-Q24-S24-DIN,vhk75w-din,invalid series,No RECOM Cross,0,,,,,,,,,,,,
136,VHK75W-Q24-S15-DIN,vhk75w-din,invalid series,No RECOM Cross,0,,,,,,,,,,,,
137,VHK75W-Q24-S12-DIN,vhk75w-din,invalid series,No RECOM Cross,0,,,,,,,,,,,,
138,VHK50W-Q24-S5-DIN,vhk50w-din,invalid series,No RECOM Cross,0,,,,,,,,,,,,
139,VHK50W-Q24-S48-DIN,vhk50w-din,invalid series,No RECOM Cross,0,,,,,,,,,,,,
140,VHK50W-Q24-S3R3-DIN,vhk50w-din,invalid series,No RECOM Cross,0,,,,,,,,,,,,
141,VHK50W-Q24-S28-DIN,vhk50w-din,invalid series,No RECOM Cross,0,,,,,,,,,,,,
142,VHK50W-Q24-S24-DIN,vhk50w-din,invalid series,No RECOM Cross,0,,,,,,,,,,,,
143,VHK50W-Q24-S15-DIN,vhk50w-din,invalid series,No RECOM Cross,0,,,,,,,,,,,,
144,VHK50W-Q24-S12-DIN,vhk50w-din,invalid series,No RECOM Cross,0,,,,,,,,,,,,
145,VHK150W-Q24-S12-DIN,vhk150w-din,invalid series,No RECOM Cross,0,,,,,,,,,,,,
146,VHK150W-Q24-S28-DIN,vhk150w-din,invalid series,No RECOM Cross,0,,,,,,,,,,,,
147,VHK150W-Q24-S48-DIN,vhk150w-din,invalid series,No RECOM Cross,0,,,,,,,,,,,,
148,VHK150W-Q24-S24-DIN,vhk150w-din,invalid series,No RECOM Cross,0,,,,,,,,,,,,
149,VHK150W-Q24-S15-DIN,vhk150w-din,invalid series,No RECOM Cross,0,,,,,,,,,,,,
150,VHK100W-Q24-S5-DIN,vhk100w-din,invalid series,No RECOM Cross,0,,,,,,,,,,,,
151,VHK100W-Q24-S48-DIN,vhk100w-din,invalid series,No RECOM Cross,0,,,,,,,,,,,,
152,VHK100W-Q24-S3R3-DIN,vhk100w-din,invalid series,No RECOM Cross,0,,,,,,,,,,,,
153,VHK100W-Q24-S28-DIN,vhk100w-din,invalid series,No RECOM Cross,0,,,,,,,,,,,,
154,VHK100W-Q24-S24-DIN,vhk100w-din,invalid series,No RECOM Cross,0,,,,,,,,,,,,
155,VHK100W-Q24-S15-DIN,vhk100w-din,invalid series,No RECOM Cross,0,,,,,,,,,,,,
156,VHK100W-Q24-S12-DIN,vhk100w-din,invalid series,No RECOM Cross,0,,,,,,,,,,,,
157,VHK150W-Q24-S28,vhk150w,matched 1,REC150H-UW,6,9.0,36.0,28.0,,1500.0,1.0,REC150H-4828SUW,,,,1.0,
158,VQE50W-Q24-S48,vqe50w,matched 4,RP75H-RW,64,9.0,36.0,48.0,,1500.0,1.0,RP75H-2448SRW/P,RP75H-2448SRW/N-HC,RP75H-2448SRW/N,RP75H-2448SRW/P-HC,4.0,
159,VQE50W-Q24-S24,vqe50w,matched 5,RP75H-RW,64,9.0,36.0,24.0,,1500.0,1.0,RP75H-2424SRW/N-HC,RP75H-2424SRW/P,RP75H-2424SRW/P-HC,RP75H-2424SRW/N,5.0,KES-RP75H-2424SRW/P
160,VQE50W-Q24-S15,vqe50w,matched 4,RP75H-RW,64,9.0,36.0,15.0,,1500.0,1.0,RP75H-2415SRW/P-HC,RP75H-2415SRW/N-HC,RP75H-2415SRW/P,RP75H-2415SRW/N,4.0,
161,VQE50W-Q24-S12,vqe50w,matched 4,RP75H-RW,64,9.0,36.0,12.0,,1500.0,1.0,RP75H-2412SRW/P,RP75H-2412SRW/P-HC,RP75H-2412SRW/N,RP75H-2412SRW/N-HC,4.0,
162,VQE50W-Q24-S5,vqe50w,matched 4,RP75H-RW,64,9.0,36.0,5.0,,1500.0,1.0,RP75H-2405SRW/P,RP75H-2405SRW/P-HC,RP75H-2405SRW/N-HC,RP75H-2405SRW/N,4.0,
163,VQE50W-Q24-S3R3,vqe50w,matched 0,RP75H-RW,64,9.0,36.0,3.3,,1500.0,1.0,,,,,0.0,
164,VQB75W-Q24-S5,vqb75w,matched 5,RP90Q-RW,65,9.0,36.0,5.0,,1500.0,1.0,RP90Q-2405SRW/P,RP90Q-2405SRW/P/X6,RP90Q-2405SRW/P-HC,RP90Q-2405SRW/N,5.0,RP90Q-2405SRW/N-HC
165,VQB75W-Q24-S3R3,vqb75w,matched 0,RP90Q-RW,65,9.0,36.0,3.3,,1500.0,1.0,,,,,0.0,
166,VQB75W-Q24-S24,vqb75w,matched 5,RP90Q-RW,65,9.0,36.0,24.0,,1500.0,1.0,RP90Q-2424SRW/P,RP90Q-2424SRW/P-HC,RP90Q-2424SRW/N,RP90Q-2424SRW/N-HC,5.0,KES-RP90Q-2424SRW/P
167,VQB75W-Q24-S15,vqb75w,matched 4,RP90Q-RW,65,9.0,36.0,15.0,,1500.0,1.0,RP90Q-2415SRW/P,RP90Q-2415SRW/P-HC,RP90Q-2415SRW/N,RP90Q-2415SRW/N-HC,4.0,
168,VQB75W-Q24-S12,vqb75w,matched 4,RP90Q-RW,65,9.0,36.0,12.0,,1500.0,1.0,RP90Q-2412SRW/P,RP90Q-2412SRW/P-HC,RP90Q-2412SRW/N,RP90Q-2412SRW/N-HC,4.0,
169,VHK75W-Q24-S5,vhk75w,matched 4,RP75H-RW,64,9.0,36.0,5.0,,1500.0,1.0,RP75H-2405SRW/P,RP75H-2405SRW/P-HC,RP75H-2405SRW/N-HC,RP75H-2405SRW/N,4.0,
170,VHK75W-Q24-S48,vhk75w,matched 4,RP75H-RW,64,9.0,36.0,48.0,,1500.0,1.0,RP75H-2448SRW/P,RP75H-2448SRW/N-HC,RP75H-2448SRW/N,RP75H-2448SRW/P-HC,4.0,
171,VHK75W-Q24-S3R3,vhk75w,matched 0,RP75H-RW,64,9.0,36.0,3.3,,1500.0,1.0,,,,,0.0,
172,VHK75W-Q24-S24,vhk75w,matched 5,RP75H-RW,64,9.0,36.0,24.0,,1500.0,1.0,RP75H-2424SRW/N-HC,RP75H-2424SRW/P,RP75H-2424SRW/P-HC,RP75H-2424SRW/N,5.0,KES-RP75H-2424SRW/P
173,VHK75W-Q24-S15,vhk75w,matched 4,RP75H-RW,64,9.0,36.0,15.0,,1500.0,1.0,RP75H-2415SRW/P-HC,RP75H-2415SRW/N-HC,RP75H-2415SRW/P,RP75H-2415SRW/N,4.0,
174,VHK75W-Q24-S12,vhk75w,matched 4,RP75H-RW,64,9.0,36.0,12.0,,1500.0,1.0,RP75H-2412SRW/P,RP75H-2412SRW/P-HC,RP75H-2412SRW/N,RP75H-2412SRW/N-HC,4.0,
175,VHK50W-Q24-S5,vhk50w,matched 4,RP75H-RW,64,9.0,36.0,5.0,,1500.0,1.0,RP75H-2405SRW/P,RP75H-2405SRW/P-HC,RP75H-2405SRW/N-HC,RP75H-2405SRW/N,4.0,
176,VHK50W-Q24-S48,vhk50w,matched 4,RP75H-RW,64,9.0,36.0,48.0,,1500.0,1.0,RP75H-2448SRW/P,RP75H-2448SRW/N-HC,RP75H-2448SRW/N,RP75H-2448SRW/P-HC,4.0,
177,VHK50W-Q24-S3R3,vhk50w,matched 0,RP75H-RW,64,9.0,36.0,3.3,,1500.0,1.0,,,,,0.0,
178,VHK50W-Q24-S28,vhk50w,matched 0,RP75H-RW,64,9.0,36.0,28.0,,1500.0,1.0,,,,,0.0,
179,VHK50W-Q24-S24,vhk50w,matched 5,RP75H-RW,64,9.0,36.0,24.0,,1500.0,1.0,RP75H-2424SRW/N-HC,RP75H-2424SRW/P,RP75H-2424SRW/P-HC,RP75H-2424SRW/N,5.0,KES-RP75H-2424SRW/P
180,VHK50W-Q24-S15,vhk50w,matched 4,RP75H-RW,64,9.0,36.0,15.0,,1500.0,1.0,RP75H-2415SRW/P-HC,RP75H-2415SRW/N-HC,RP75H-2415SRW/P,RP75H-2415SRW/N,4.0,
181,VHK50W-Q24-S12,vhk50w,matched 4,RP75H-RW,64,9.0,36.0,12.0,,1500.0,1.0,RP75H-2412SRW/P,RP75H-2412SRW/P-HC,RP75H-2412SRW/N,RP75H-2412SRW/N-HC,4.0,
182,VHK150W-Q24-S48,vhk150w,matched 1,REC150H-UW,6,9.0,36.0,48.0,,1500.0,1.0,REC150H-4848SUW,,,,1.0,
183,VHK150W-Q24-S24,vhk150w,matched 1,REC150H-UW,6,9.0,36.0,24.0,,1500.0,1.0,REC150H-4824SUW,,,,1.0,
184,VHK150W-Q24-S15,vhk150w,matched 0,REC150H-UW,6,9.0,36.0,15.0,,1500.0,1.0,,,,,0.0,
185,VHK150W-Q24-S12,vhk150w,matched 1,REC150H-UW,6,9.0,36.0,12.0,,1500.0,1.0,REC150H-4812SUW,,,,1.0,
186,VHK100W-Q24-S5,vhk100w,matched 4,RP100H-RW,63,9.0,36.0,5.0,,1500.0,1.0,RP100H-2405SRW/P,RP100H-2405SRW/P-HC,RP100H-2405SRW/N-HC,RP100H-2405SRW/N,4.0,
187,VHK100W-Q24-S48,vhk100w,matched 5,RP100H-RW,63,9.0,36.0,48.0,,1500.0,1.0,RP100H-2448SRW/N,RP100H-2448SRW/P-ST,RP100H-2448SRW/N-HC,RP100H-2448SRW/P,5.0,RP100H-2448SRW/P-HC
188,VHK100W-Q24-S3R3,vhk100w,matched 0,RP100H-RW,63,9.0,36.0,3.3,,1500.0,1.0,,,,,0.0,
189,VHK100W-Q24-S28,vhk100w,matched 0,RP100H-RW,63,9.0,36.0,28.0,,1500.0,1.0,,,,,0.0,
190,VHK100W-Q24-S24,vhk100w,matched 5,RP100H-RW,63,9.0,36.0,24.0,,1500.0,1.0,RP100H-2424SRW/N-HC,RP100H-2424SRW/P,RP100H-2424SRW/P-HC-X9,RP100H-2424SRW/N,5.0,RP100H-2424SRW/P-HC
191,VHK100W-Q24-S15,vhk100w,matched 4,RP100H-RW,63,9.0,36.0,15.0,,1500.0,1.0,RP100H-2415SRW/P,RP100H-2415SRW/P-HC,RP100H-2415SRW/N,RP100H-2415SRW/N-HC,4.0,
192,VHK100W-Q24-S12,vhk100w,matched 4,RP100H-RW,63,9.0,36.0,12.0,,1500.0,1.0,RP100H-2412SRW/N-HC,RP100H-2412SRW/P,RP100H-2412SRW/P-HC,RP100H-2412SRW/N,4.0,
193,VHB75W-Q24-S5,vhb75w,matched 4,RP75H-RW,64,9.0,36.0,5.0,,1500.0,1.0,RP75H-2405SRW/P,RP75H-2405SRW/P-HC,RP75H-2405SRW/N-HC,RP75H-2405SRW/N,4.0,
194,VHB75W-Q24-S48,vhb75w,matched 4,RP75H-RW,64,9.0,36.0,48.0,,1500.0,1.0,RP75H-2448SRW/P,RP75H-2448SRW/N-HC,RP75H-2448SRW/N,RP75H-2448SRW/P-HC,4.0,
195,VHB75W-Q24-S3R3,vhb75w,matched 0,RP75H-RW,64,9.0,36.0,3.3,,1500.0,1.0,,,,,0.0,
196,VHB75W-Q24-S24,vhb75w,matched 5,RP75H-RW,64,9.0,36.0,24.0,,1500.0,1.0,RP75H-2424SRW/N-HC,RP75H-2424SRW/P,RP75H-2424SRW/P-HC,RP75H-2424SRW/N,5.0,KES-RP75H-2424SRW/P
197,VHB75W-Q24-S15,vhb75w,matched 4,RP75H-RW,64,9.0,36.0,15.0,,1500.0,1.0,RP75H-2415SRW/P-HC,RP75H-2415SRW/N-HC,RP75H-2415SRW/P,RP75H-2415SRW/N,4.0,
198,VHB75W-Q24-S12,vhb75w,matched 4,RP75H-RW,64,9.0,36.0,12.0,,1500.0,1.0,RP75H-2412SRW/P,RP75H-2412SRW/P-HC,RP75H-2412SRW/N,RP75H-2412SRW/N-HC,4.0,
199,VHB50W-Q24-S5,vhb50w,matched 4,RP75H-RW,64,9.0,36.0,5.0,,1500.0,1.0,RP75H-2405SRW/P,RP75H-2405SRW/P-HC,RP75H-2405SRW/N-HC,RP75H-2405SRW/N,4.0,
200,VHB50W-Q24-S48,vhb50w,matched 4,RP75H-RW,64,9.0,36.0,48.0,,1500.0,1.0,RP75H-2448SRW/P,RP75H-2448SRW/N-HC,RP75H-2448SRW/N,RP75H-2448SRW/P-HC,4.0,
201,VHB50W-Q24-S3R3,vhb50w,matched 0,RP75H-RW,64,9.0,36.0,3.3,,1500.0,1.0,,,,,0.0,
202,VHB50W-Q24-S28,vhb50w,matched 0,RP75H-RW,64,9.0,36.0,28.0,,1500.0,1.0,,,,,0.0,
203,VHB50W-Q24-S24,vhb50w,matched 5,RP75H-RW,64,9.0,36.0,24.0,,1500.0,1.0,RP75H-2424SRW/N-HC,RP75H-2424SRW/P,RP75H-2424SRW/P-HC,RP75H-2424SRW/N,5.0,KES-RP75H-2424SRW/P
204,VHB50W-Q24-S15,vhb50w,matched 4,RP75H-RW,64,9.0,36.0,15.0,,1500.0,1.0,RP75H-2415SRW/P-HC,RP75H-2415SRW/N-HC,RP75H-2415SRW/P,RP75H-2415SRW/N,4.0,
205,VHB50W-Q24-S12,vhb50w,matched 4,RP75H-RW,64,9.0,36.0,12.0,,1500.0,1.0,RP75H-2412SRW/P,RP75H-2412SRW/P-HC,RP75H-2412SRW/N,RP75H-2412SRW/N-HC,4.0,
206,VHB150W-Q24-S5,vhb150w,matched 0,REC150H-UW,6,9.0,36.0,5.0,,1500.0,1.0,,,,,0.0,
207,VHB150W-Q24-S48,vhb150w,matched 1,REC150H-UW,6,9.0,36.0,48.0,,1500.0,1.0,REC150H-4848SUW,,,,1.0,
208,VHB150W-Q24-S3R3,vhb150w,matched 0,REC150H-UW,6,9.0,36.0,3.3,,1500.0,1.0,,,,,0.0,
209,VHB150W-Q24-S28,vhb150w,matched 1,REC150H-UW,6,9.0,36.0,28.0,,1500.0,1.0,REC150H-4828SUW,,,,1.0,
210,VHB150W-Q24-S24,vhb150w,matched 1,REC150H-UW,6,9.0,36.0,24.0,,1500.0,1.0,REC150H-4824SUW,,,,1.0,
211,VHB150W-Q24-S15,vhb150w,matched 0,REC150H-UW,6,9.0,36.0,15.0,,1500.0,1.0,,,,,0.0,
212,VHB150W-Q24-S12,vhb150w,matched 1,REC150H-UW,6,9.0,36.0,12.0,,1500.0,1.0,REC150H-4812SUW,,,,1.0,
213,VAWQ6-Q24-S5H,vawq6,No vawq6 in Series Crosses @ Trustbit CUI.xlsx file,,,,,,,,,,,,,,
214,VAWQ6-Q24-S3R3H,vawq6,No vawq6 in Series Crosses @ Trustbit CUI.xlsx file,,,,,,,,,,,,,,
215,VAWQ6-Q24-S15H,vawq6,No vawq6 in Series Crosses @ Trustbit CUI.xlsx file,,,,,,,,,,,,,,
216,VAWQ6-Q24-S12H,vawq6,No vawq6 in Series Crosses @ Trustbit CUI.xlsx file,,,,,,,,,,,,,,
217,VAWQ6-Q24-D5H,vawq6,No vawq6 in Series Crosses @ Trustbit CUI.xlsx file,,,,,,,,,,,,,,
218,VAWQ6-Q24-D15H,vawq6,No vawq6 in Series Crosses @ Trustbit CUI.xlsx file,,,,,,,,,,,,,,
219,VAWQ6-Q24-D12H,vawq6,No vawq6 in Series Crosses @ Trustbit CUI.xlsx file,,,,,,,,,,,,,,
220,VAWQ3-Q24-S5H,vawq3,invalid series,No Recom Cross,0,,,,,,,,,,,,
221,VAWQ3-Q24-S3R3H,vawq3,invalid series,No Recom Cross,0,,,,,,,,,,,,
222,VAWQ3-Q24-S15H,vawq3,invalid series,No Recom Cross,0,,,,,,,,,,,,
223,VAWQ3-Q24-S12H,vawq3,invalid series,No Recom Cross,0,,,,,,,,,,,,
224,VAWQ3-Q24-D5H,vawq3,invalid series,No Recom Cross,0,,,,,,,,,,,,
225,VAWQ3-Q24-D15H,vawq3,invalid series,No Recom Cross,0,,,,,,,,,,,,
226,VAWQ3-Q24-D12H,vawq3,invalid series,No Recom Cross,0,,,,,,,,,,,,
227,PRQE75W-E12-S48N-D,prqe75w-d,invalid series,No Recom Cross,0,,,,,,,,,,,,
228,PRQE75W-E12-S28N-D,prqe75w-d,invalid series,No Recom Cross,0,,,,,,,,,,,,
229,PRQE75W-E12-S24N-D,prqe75w-d,invalid series,No Recom Cross,0,,,,,,,,,,,,
230,PRQE75W-E12-S15N-D,prqe75w-d,invalid series,No Recom Cross,0,,,,,,,,,,,,
231,PRQE75W-E12-S12N-D,prqe75w-d,invalid series,No Recom Cross,0,,,,,,,,,,,,
232,PRQE75W-E12-S28-D,prqe75w-d,invalid series,No Recom Cross,0,,,,,,,,,,,,
233,PRQE75W-E12-S48-D,prqe75w-d,invalid series,No Recom Cross,0,,,,,,,,,,,,
234,PRQE75W-E12-S15-D,prqe75w-d,invalid series,No Recom Cross,0,,,,,,,,,,,,
235,PRQE75W-E12-S24-D,prqe75w-d,invalid series,No Recom Cross,0,,,,,,,,,,,,
236,PRQE75W-E12-S12-D,prqe75w-d,invalid series,No Recom Cross,0,,,,,,,,,,,,
237,PRQE50W-E12-S48N-D,prqe50w-d,invalid series,No Recom Cross,0,,,,,,,,,,,,
238,PRQE50W-E12-S28N-D,prqe50w-d,invalid series,No Recom Cross,0,,,,,,,,,,,,
239,PRQE50W-E12-S24N-D,prqe50w-d,invalid series,No Recom Cross,0,,,,,,,,,,,,
240,PRQE50W-E12-S15N-D,prqe50w-d,invalid series,No Recom Cross,0,,,,,,,,,,,,
241,PRQE50W-E12-S28-D,prqe50w-d,invalid series,No Recom Cross,0,,,,,,,,,,,,
242,PRQE50W-E12-S48-D,prqe50w-d,invalid series,No Recom Cross,0,,,,,,,,,,,,
243,PRQE50W-E12-S12N-D,prqe50w-d,invalid series,No Recom Cross,0,,,,,,,,,,,,
244,PRQE50W-E12-S24-D,prqe50w-d,invalid series,No Recom Cross,0,,,,,,,,,,,,
245,PRQE50W-E12-S12-D,prqe50w-d,invalid series,No Recom Cross,0,,,,,,,,,,,,
246,PRQE50W-E12-S15-D,prqe50w-d,invalid series,No Recom Cross,0,,,,,,,,,,,,
247,PST75W-36-S48B,pst75w,matched 0,RPA100E-W,5,9.5,75.0,48.0,,4200.0,1.0,,,,,0.0,
248,PST75W-36-S28B,pst75w,matched 0,RPA100E-W,5,9.5,75.0,28.0,,4200.0,1.0,,,,,0.0,
249,PST75W-36-S24B,pst75w,matched 0,RPA100E-W,5,9.5,75.0,24.0,,4200.0,1.0,,,,,0.0,
250,PST75W-36-S15B,pst75w,matched 0,RPA100E-W,5,9.5,75.0,15.0,,4200.0,1.0,,,,,0.0,
251,PST75W-36-S12B,pst75w,matched 0,RPA100E-W,5,9.5,75.0,12.0,,4200.0,1.0,,,,,0.0,
252,PST50W-36-S48B,pst50w,invalid series,No Recom Cross,0,,,,,,,,,,,,
253,PST50W-36-S28B,pst50w,invalid series,No Recom Cross,0,,,,,,,,,,,,
254,PST50W-36-S24B,pst50w,invalid series,No Recom Cross,0,,,,,,,,,,,,
255,PST50W-36-S15B,pst50w,invalid series,No Recom Cross,0,,,,,,,,,,,,
256,PST50W-36-S12B,pst50w,invalid series,No Recom Cross,0,,,,,,,,,,,,
257,VHK200W-Q24-S48-DIN,vhk200w-din,invalid series,No Recom Cross,0,,,,,,,,,,,,
258,VHK200W-Q24-S28-DIN,vhk200w-din,invalid series,No Recom Cross,0,,,,,,,,,,,,
259,VHK200W-Q24-S24-DIN,vhk200w-din,invalid series,No Recom Cross,0,,,,,,,,,,,,
260,VHK200W-Q24-S15-DIN,vhk200w-din,invalid series,No Recom Cross,0,,,,,,,,,,,,
261,VHK200W-Q24-S12-DIN,vhk200w-din,invalid series,No Recom Cross,0,,,,,,,,,,,,
262,VFK400W-Q24-S48-DIN,vfk400w-din,invalid series,No Recom Cross,0,,,,,,,,,,,,
263,VFK400W-Q24-S24-DIN,vfk400w-din,invalid series,No Recom Cross,0,,,,,,,,,,,,
264,VFK400W-Q24-S12-DIN,vfk400w-din,invalid series,No Recom Cross,0,,,,,,,,,,,,
265,VHK200W-Q24-S48,vhk200w,matched 5,"RP240H-RW,REC300H-W",67,10.0,36.0,48.0,,1500.0,1.0,RP240H-2448SRW/N-HC,RP240H-2448SRW/P,RP240H-2448SRW/N,RP240H-2448SRW/P-HC,5.0,REC300H-2448SW
266,VHK200W-Q24-S28,vhk200w,matched 0,"RP240H-RW,REC300H-W",67,10.0,36.0,28.0,,1500.0,1.0,,,,,0.0,
267,VHK200W-Q24-S24,vhk200w,matched 5,"RP240H-RW,REC300H-W",67,10.0,36.0,24.0,,1500.0,1.0,RP240H-2424SRW/P-HC,RP240H-2424SRW/N,RP240H-2424SRW/P,RP240H-2424SRW/N-HC,5.0,REC300H-2424SW
268,VHK200W-Q24-S15,vhk200w,matched 5,"RP240H-RW,REC300H-W",67,10.0,36.0,15.0,,1500.0,1.0,RP240H-2415SRW/P-HC,RP240H-2415SRW/P,RP240H-2415SRW/N-HC,RP240H-2415SRW/N,5.0,REC300H-2415SW
269,VHK200W-Q24-S12,vhk200w,matched 5,"RP240H-RW,REC300H-W",67,10.0,36.0,12.0,,1500.0,1.0,RP240H-2412SRW/P-HC,RP240H-2412SRW/N-HC,RP240H-2412SRW/P,RP240H-2412SRW/N,5.0,REC300H-2412SW
270,VHB200W-Q24-S5,vhb200w,matched 4,"RP240H-RW,REC300H-W",67,10.0,36.0,5.0,,1500.0,1.0,RP240H-2405SRW/N,RP240H-2405SRW/P-HC,RP240H-2405SRW/P,RP240H-2405SRW/N-HC,4.0,
271,VHB200W-Q24-S48,vhb200w,matched 5,"RP240H-RW,REC300H-W",67,10.0,36.0,48.0,,1500.0,1.0,RP240H-2448SRW/N-HC,RP240H-2448SRW/P,RP240H-2448SRW/N,RP240H-2448SRW/P-HC,5.0,REC300H-2448SW
272,VHB200W-Q24-S3R3,vhb200w,matched 0,"RP240H-RW,REC300H-W",67,10.0,36.0,3.3,,1500.0,1.0,,,,,0.0,
273,VHB200W-Q24-S28,vhb200w,matched 0,"RP240H-RW,REC300H-W",67,10.0,36.0,28.0,,1500.0,1.0,,,,,0.0,
274,VHB200W-Q24-S24,vhb200w,matched 5,"RP240H-RW,REC300H-W",67,10.0,36.0,24.0,,1500.0,1.0,RP240H-2424SRW/P-HC,RP240H-2424SRW/N,RP240H-2424SRW/P,RP240H-2424SRW/N-HC,5.0,REC300H-2424SW
275,VHB200W-Q24-S15,vhb200w,matched 5,"RP240H-RW,REC300H-W",67,10.0,36.0,15.0,,1500.0,1.0,RP240H-2415SRW/P-HC,RP240H-2415SRW/P,RP240H-2415SRW/N-HC,RP240H-2415SRW/N,5.0,REC300H-2415SW
276,VHB200W-Q24-S12,vhb200w,matched 5,"RP240H-RW,REC300H-W",67,10.0,36.0,12.0,,1500.0,1.0,RP240H-2412SRW/P-HC,RP240H-2412SRW/N-HC,RP240H-2412SRW/P,RP240H-2412SRW/N,5.0,REC300H-2412SW
277,VFK400W-Q24-S48,vfk400w,invalid series,No Recom Cross,0,,,,,,,,,,,,
278,VFK400W-Q24-S24,vfk400w,invalid series,No Recom Cross,0,,,,,,,,,,,,
279,VFK400W-Q24-S12,vfk400w,invalid series,No Recom Cross,0,,,,,,,,,,,,
280,PCN2-S12-D15-S,pcn2-s,matched 4,RKZE,113,10.8,13.2,15.0,-15.0,1000.0,2.0,RKZE-1215D,RKZE-1215D/H,RKZE-1215D/P,RKZE-1215D/HP,4.0,
281,PCN2-S12-D12-S,pcn2-s,matched 4,RKZE,113,10.8,13.2,12.0,-12.0,1000.0,2.0,RKZE-1212D,RKZE-1212D/H,RKZE-1212D/P,RKZE-1212D/HP,4.0,
282,PCN2-S12-D5-S,pcn2-s,matched 4,RKZE,113,10.8,13.2,5.0,-5.0,1000.0,2.0,RKZE-1205D,RKZE-1205D/H,RKZE-1205D/P,RKZE-1205D/HP,4.0,
283,PCN2-S12-S15-S,pcn2-s,matched 4,RKZE,113,10.8,13.2,15.0,,1000.0,1.0,RKZE-1215S,RKZE-1215S/H,RKZE-1215S/P,RKZE-1215S/HP,4.0,
284,PCN2-S12-S12-S,pcn2-s,matched 4,RKZE,113,10.8,13.2,12.0,,1000.0,1.0,RKZE-1212S,RKZE-1212S/H,RKZE-1212S/P,RKZE-1212S/HP,4.0,
285,PCN2-S12-S5-S,pcn2-s,matched 4,RKZE,113,10.8,13.2,5.0,,1000.0,1.0,RKZE-1205S,RKZE-1205S/H,RKZE-1205S/P,RKZE-1205S/HP,4.0,
286,PCN1-S12-D15-M,pcn1-m,invalid series,No RECOM Cross,0,,,,,,,,,,,,
287,PCN1-S12-D12-M,pcn1-m,invalid series,No RECOM Cross,0,,,,,,,,,,,,
288,PCSA1-S12-S15-S,pcsa1-s,matched 0,ROE,15,10.8,13.2,15.0,,1000.0,1.0,,,,,0.0,
289,PCSA1-S12-S12-S,pcsa1-s,matched 0,ROE,15,10.8,13.2,12.0,,1000.0,1.0,,,,,0.0,
290,PCSA1-S12-S5-S,pcsa1-s,matched 2,ROE,15,10.8,13.2,5.0,,1000.0,1.0,ROE-1205S,WE-ROE-1205S,,,2.0,
291,PHP1-S12-S5-M,php1-m,invalid series,R1SE-xxxx/H2-R,0,,,,,,,,,,,,
292,PCN1-S12-D5-M,pcn1-m,invalid series,No RECOM Cross,0,,,,,,,,,,,,
293,PCN1-S12-S15-M,pcn1-m,invalid series,No RECOM Cross,0,,,,,,,,,,,,
294,PCN1-S12-S12-M,pcn1-m,invalid series,No RECOM Cross,0,,,,,,,,,,,,
295,PCN1-S12-S5-M,pcn1-m,invalid series,No RECOM Cross,0,,,,,,,,,,,,
296,PCN1-S12-D15-S,pcn1-s,matched 2,RB,317,10.8,13.2,15.0,-15.0,1500.0,2.0,RB-1215D/H,RB-1215D/HP,,,2.0,
297,PCN1-S12-D12-S,pcn1-s,matched 2,RB,317,10.8,13.2,12.0,-12.0,1500.0,2.0,RB-1212D/H,RB-1212D/HP,,,2.0,
298,PCN1-S12-D5-S,pcn1-s,matched 2,RB,317,10.8,13.2,5.0,-5.0,1500.0,2.0,RB-1205D/H,RB-1205D/HP,,,2.0,
299,PCN1-S12-S15-S,pcn1-s,matched 2,RB,317,10.8,13.2,15.0,,1500.0,1.0,RB-1215S/H,RB-1215S/HP,,,2.0,
300,PCN1-S12-S12-S,pcn1-s,matched 2,RB,317,10.8,13.2,12.0,,1500.0,1.0,RB-1212S/H,RB-1212S/HP,,,2.0,
301,PCN1-S12-S5-S,pcn1-s,matched 2,RB,317,10.8,13.2,5.0,,1500.0,1.0,RB-1205S/H,RB-1205S/HP,,,2.0,
302,PVQ100W-O72-S54-D,pvq100w-d,matched 0,RPA150Q-RUW,9,12.0,160.0,54.0,,4200.0,1.0,,,,,0.0,
303,PVQ100W-O72-S28-D,pvq100w-d,matched 0,RPA150Q-RUW,9,12.0,160.0,28.0,,4200.0,1.0,,,,,0.0,
304,PVQ100W-O72-S24-D,pvq100w-d,matched 0,RPA150Q-RUW,9,12.0,160.0,24.0,,4200.0,1.0,,,,,0.0,
305,PVQ100W-O72-S15-D,pvq100w-d,matched 0,RPA150Q-RUW,9,12.0,160.0,15.0,,4200.0,1.0,,,,,0.0,
306,PVQ100W-O72-S12-D,pvq100w-d,matched 0,RPA150Q-RUW,9,12.0,160.0,12.0,,4200.0,1.0,,,,,0.0,
307,PVQ100W-O72-S5-D,pvq100w-d,matched 0,RPA150Q-RUW,9,12.0,160.0,5.0,,4200.0,1.0,,,,,0.0,
308,PHP1-S15-S5-M,php1-m,invalid series,R1SE-xxxx/H2-R,0,,,,,,,,,,,,
309,PSC150W-110-S54,psc150w,matched 0,RPA150Q-RUW,9,14.0,160.0,54.0,,4200.0,1.0,,,,,0.0,
310,PSC150W-110-S48,psc150w,matched 0,RPA150Q-RUW,9,14.0,160.0,48.0,,4200.0,1.0,,,,,0.0,
311,PSC150W-110-S24,psc150w,matched 0,RPA150Q-RUW,9,14.0,160.0,24.0,,4200.0,1.0,,,,,0.0,
312,PSC150W-110-S12,psc150w,matched 0,RPA150Q-RUW,9,14.0,160.0,12.0,,4200.0,1.0,,,,,0.0,
313,PTP15-24-S24,ptp15,invalid series,No RECOM Cross,0,,,,,,,,,,,,
314,PTP15-24-S15,ptp15,invalid series,No RECOM Cross,0,,,,,,,,,,,,
315,PTP15-24-S12,ptp15,invalid series,No RECOM Cross,0,,,,,,,,,,,,
316,PTP15-24-S5,ptp15,invalid series,No RECOM Cross,0,,,,,,,,,,,,
317,PDQ2-D24-D15-S,pdq2-s,invalid series,No RECOM Cross,0,,,,,,,,,,,,
318,PDQ2-D24-D12-S,pdq2-s,invalid series,No RECOM Cross,0,,,,,,,,,,,,
319,PDQ2-D24-D5-S,pdq2-s,invalid series,No RECOM Cross,0,,,,,,,,,,,,
320,PDQ2-D24-S15-S,pdq2-s,invalid series,No RECOM Cross,0,,,,,,,,,,,,
321,PDQ2-D24-S12-S,pdq2-s,invalid series,No RECOM Cross,0,,,,,,,,,,,,
322,PDQ2-D24-S5-S,pdq2-s,invalid series,No RECOM Cross,0,,,,,,,,,,,,
323,PDQ2-D24-S3-S,pdq2-s,invalid series,No RECOM Cross,0,,,,,,,,,,,,
324,VFK600-D24-S48-DIN,vfk600-din,invalid series,No Recom Cross,0,,,,,,,,,,,,
325,VFK600-D24-S32-DIN,vfk600-din,invalid series,No Recom Cross,0,,,,,,,,,,,,
326,VFK600-D24-S28-DIN,vfk600-din,invalid series,No Recom Cross,0,,,,,,,,,,,,
327,VFK600-D24-S24-DIN,vfk600-din,invalid series,No Recom Cross,0,,,,,,,,,,,,
328,VFK600-D24-S12-DIN,vfk600-din,invalid series,No Recom Cross,0,,,,,,,,,,,,
329,VHB350-D24-S5,vhb350,invalid series,No Recom Cross,0,,,,,,,,,,,,
330,VHB350-D24-S3R3,vhb350,invalid series,No Recom Cross,0,,,,,,,,,,,,
331,VHB350-D24-S28,vhb350,invalid series,No Recom Cross,0,,,,,,,,,,,,
332,VHB350-D24-S24,vhb350,invalid series,No Recom Cross,0,,,,,,,,,,,,
333,VHB350-D24-S12,vhb350,invalid series,No Recom Cross,0,,,,,,,,,,,,
334,VFK600-D24-S48,vfk600,invalid series,No Recom Cross,0,,,,,,,,,,,,
335,VFK600-D24-S32,vfk600,invalid series,No Recom Cross,0,,,,,,,,,,,,
336,VFK600-D24-S28,vfk600,invalid series,No Recom Cross,0,,,,,,,,,,,,
337,VFK600-D24-S24,vfk600,invalid series,No Recom Cross,0,,,,,,,,,,,,
338,VFK600-D24-S12,vfk600,invalid series,No Recom Cross,0,,,,,,,,,,,,
339,VFB600-D24-S48,vfb600,invalid series,No Recom Cross,0,,,,,,,,,,,,
340,VFB600-D24-S32,vfb600,invalid series,No Recom Cross,0,,,,,,,,,,,,
341,VFB600-D24-S28,vfb600,invalid series,No Recom Cross,0,,,,,,,,,,,,
342,VFB600-D24-S24,vfb600,invalid series,No Recom Cross,0,,,,,,,,,,,,
343,VFB600-D24-S12,vfb600,invalid series,No Recom Cross,0,,,,,,,,,,,,
344,VCD40-D24-T515,vcd40,invalid series,No RECOM Cross,0,,,,,,,,,,,,
345,VCD40-D24-T512,vcd40,invalid series,No RECOM Cross,0,,,,,,,,,,,,
346,VCD40-D24-T315,vcd40,invalid series,No RECOM Cross,0,,,,,,,,,,,,
347,VCD40-D24-T312,vcd40,invalid series,No RECOM Cross,0,,,,,,,,,,,,
348,VCD40-D24-S5,vcd40,invalid series,No RECOM Cross,0,,,,,,,,,,,,
349,VCD40-D24-S3R3,vcd40,invalid series,No RECOM Cross,0,,,,,,,,,,,,
350,VCD40-D24-S15,vcd40,invalid series,No RECOM Cross,0,,,,,,,,,,,,
351,VCD40-D24-S12,vcd40,invalid series,No RECOM Cross,0,,,,,,,,,,,,
352,VCD40-D24-D15,vcd40,invalid series,No RECOM Cross,0,,,,,,,,,,,,
353,VCD40-D24-D12,vcd40,invalid series,No RECOM Cross,0,,,,,,,,,,,,
354,VAWQ6-Q48-S5H,vawq6,No vawq6 in Series Crosses @ Trustbit CUI.xlsx file,,,,,,,,,,,,,,
355,VAWQ6-Q48-S3R3H,vawq6,No vawq6 in Series Crosses @ Trustbit CUI.xlsx file,,,,,,,,,,,,,,
356,VAWQ6-Q48-S15H,vawq6,No vawq6 in Series Crosses @ Trustbit CUI.xlsx file,,,,,,,,,,,,,,
357,VAWQ6-Q48-S12H,vawq6,No vawq6 in Series Crosses @ Trustbit CUI.xlsx file,,,,,,,,,,,,,,
358,VAWQ6-Q48-D5H,vawq6,No vawq6 in Series Crosses @ Trustbit CUI.xlsx file,,,,,,,,,,,,,,
359,VAWQ6-Q48-D15H,vawq6,No vawq6 in Series Crosses @ Trustbit CUI.xlsx file,,,,,,,,,,,,,,
360,VAWQ6-Q48-D12H,vawq6,No vawq6 in Series Crosses @ Trustbit CUI.xlsx file,,,,,,,,,,,,,,
361,VAWQ3-Q48-S5H,vawq3,invalid series,No Recom Cross,0,,,,,,,,,,,,
362,VAWQ3-Q48-S3R3H,vawq3,invalid series,No Recom Cross,0,,,,,,,,,,,,
363,VAWQ3-Q48-S15H,vawq3,invalid series,No Recom Cross,0,,,,,,,,,,,,
364,VAWQ3-Q48-S12H,vawq3,invalid series,No Recom Cross,0,,,,,,,,,,,,
365,VAWQ3-Q48-D5H,vawq3,invalid series,No Recom Cross,0,,,,,,,,,,,,
366,VAWQ3-Q48-D15H,vawq3,invalid series,No Recom Cross,0,,,,,,,,,,,,
367,VAWQ3-Q48-D12H,vawq3,invalid series,No Recom Cross,0,,,,,,,,,,,,
368,PRC40-48-D24,prc40,invalid series,No RECOM Cross,0,,,,,,,,,,,,
369,PRC40-48-D15,prc40,invalid series,No RECOM Cross,0,,,,,,,,,,,,
370,PRC40-48-D12,prc40,invalid series,No RECOM Cross,0,,,,,,,,,,,,
371,PRC40-48-S15,prc40,invalid series,No RECOM Cross,0,,,,,,,,,,,,
372,PRC40-48-S12,prc40,invalid series,No RECOM Cross,0,,,,,,,,,,,,
373,PRC40-48-S5,prc40,invalid series,No RECOM Cross,0,,,,,,,,,,,,
374,PRC40-48-S3,prc40,invalid series,No RECOM Cross,0,,,,,,,,,,,,
375,PRC60-48-D24,prc60,invalid series,No RECOM Cross,0,,,,,,,,,,,,
376,PRC60-48-D15,prc60,invalid series,No RECOM Cross,0,,,,,,,,,,,,
377,PRC60-48-D12,prc60,invalid series,No RECOM Cross,0,,,,,,,,,,,,
378,PRC60-48-S24,prc60,invalid series,No RECOM Cross,0,,,,,,,,,,,,
379,PRC60-48-S15,prc60,invalid series,No RECOM Cross,0,,,,,,,,,,,,
380,PRC60-48-S12,prc60,invalid series,No RECOM Cross,0,,,,,,,,,,,,
381,PRC60-48-S5,prc60,invalid series,No RECOM Cross,0,,,,,,,,,,,,
382,PRC60-48-S3,prc60,invalid series,No RECOM Cross,0,,,,,,,,,,,,
383,VHK150W-Q48-S5-DIN,vhk150w-din,invalid series,No RECOM Cross,0,,,,,,,,,,,,
384,PDQ30-Q48-D15-D,pdq30-d,invalid series,No RECOM Cross,0,,,,,,,,,,,,
385,PDQ30-Q48-D12-D,pdq30-d,invalid series,No RECOM Cross,0,,,,,,,,,,,,
386,PDQ30-Q48-S15-D,pdq30-d,invalid series,No RECOM Cross,0,,,,,,,,,,,,
387,PDQ30-Q48-S12-D,pdq30-d,invalid series,No RECOM Cross,0,,,,,,,,,,,,
388,PDQ30-Q48-S5-D,pdq30-d,invalid series,No RECOM Cross,0,,,,,,,,,,,,
389,PDQ30-Q48-S3-D,pdq30-d,invalid series,No RECOM Cross,0,,,,,,,,,,,,
390,PDQ15-Q48-D15-D,pdq15-d,No pdq15-d in Series Crosses @ Trustbit CUI.xlsx file,,,,,,,,,,,,,,
391,PDQ15-Q48-D12-D,pdq15-d,No pdq15-d in Series Crosses @ Trustbit CUI.xlsx file,,,,,,,,,,,,,,
392,PDQ15-Q48-D5-D,pdq15-d,No pdq15-d in Series Crosses @ Trustbit CUI.xlsx file,,,,,,,,,,,,,,
393,PDQ15-Q48-S15-D,pdq15-d,No pdq15-d in Series Crosses @ Trustbit CUI.xlsx file,,,,,,,,,,,,,,
394,PDQ15-Q48-S12-D,pdq15-d,No pdq15-d in Series Crosses @ Trustbit CUI.xlsx file,,,,,,,,,,,,,,
395,PDQ15-Q48-S5-D,pdq15-d,No pdq15-d in Series Crosses @ Trustbit CUI.xlsx file,,,,,,,,,,,,,,
396,PDQ15-Q48-S3-D,pdq15-d,No pdq15-d in Series Crosses @ Trustbit CUI.xlsx file,,,,,,,,,,,,,,
397,PDQ10-Q48-D15-D,pdq10-d,No pdq10-d in Series Crosses @ Trustbit CUI.xlsx file,,,,,,,,,,,,,,
398,PDQ10-Q48-D12-D,pdq10-d,No pdq10-d in Series Crosses @ Trustbit CUI.xlsx file,,,,,,,,,,,,,,
399,PDQ10-Q48-D5-D,pdq10-d,No pdq10-d in Series Crosses @ Trustbit CUI.xlsx file,,,,,,,,,,,,,,
400,PDQ10-Q48-S15-D,pdq10-d,No pdq10-d in Series Crosses @ Trustbit CUI.xlsx file,,,,,,,,,,,,,,
401,PDQ10-Q48-S12-D,pdq10-d,No pdq10-d in Series Crosses @ Trustbit CUI.xlsx file,,,,,,,,,,,,,,
402,PDQ10-Q48-S5-D,pdq10-d,No pdq10-d in Series Crosses @ Trustbit CUI.xlsx file,,,,,,,,,,,,,,
403,PDQ10-Q48-S3-D,pdq10-d,No pdq10-d in Series Crosses @ Trustbit CUI.xlsx file,,,,,,,,,,,,,,
404,VFB400W-Q48-S48,vfb400w,invalid series,No RECOM Cross,0,,,,,,,,,,,,
405,VFB400W-Q48-S28,vfb400w,invalid series,No RECOM Cross,0,,,,,,,,,,,,
406,VFB400W-Q48-S24,vfb400w,invalid series,No RECOM Cross,0,,,,,,,,,,,,
407,VFB400W-Q48-S12,vfb400w,invalid series,No RECOM Cross,0,,,,,,,,,,,,
408,VFB400W-Q48-S5,vfb400w,invalid series,No RECOM Cross,0,,,,,,,,,,,,
409,VHK150W-Q48-S5,vhk150w,matched 0,REC150H-UW,6,18.0,75.0,5.0,,1500.0,1.0,,,,,0.0,
410,VHK75W-Q48-S5-DIN,vhk75w-din,invalid series,No RECOM Cross,0,,,,,,,,,,,,
411,VHK75W-Q48-S48-DIN,vhk75w-din,invalid series,No RECOM Cross,0,,,,,,,,,,,,
412,VHK75W-Q48-S3R3-DIN,vhk75w-din,invalid series,No RECOM Cross,0,,,,,,,,,,,,
413,VHK75W-Q48-S24-DIN,vhk75w-din,invalid series,No RECOM Cross,0,,,,,,,,,,,,
414,VHK75W-Q48-S15-DIN,vhk75w-din,invalid series,No RECOM Cross,0,,,,,,,,,,,,
415,VHK75W-Q48-S12-DIN,vhk75w-din,invalid series,No RECOM Cross,0,,,,,,,,,,,,
416,VHK50W-Q48-S5-DIN,vhk50w-din,invalid series,No RECOM Cross,0,,,,,,,,,,,,
417,VHK50W-Q48-S48-DIN,vhk50w-din,invalid series,No RECOM Cross,0,,,,,,,,,,,,
418,VHK50W-Q48-S3R3-DIN,vhk50w-din,invalid series,No RECOM Cross,0,,,,,,,,,,,,
419,VHK50W-Q48-S28-DIN,vhk50w-din,invalid series,No RECOM Cross,0,,,,,,,,,,,,
420,VHK50W-Q48-S24-DIN,vhk50w-din,invalid series,No RECOM Cross,0,,,,,,,,,,,,
421,VHK50W-Q48-S15-DIN,vhk50w-din,invalid series,No RECOM Cross,0,,,,,,,,,,,,
422,VHK50W-Q48-S12-DIN,vhk50w-din,invalid series,No RECOM Cross,0,,,,,,,,,,,,
423,VHK200W-Q48-S48-DIN,vhk200w-din,invalid series,No Recom Cross,0,,,,,,,,,,,,
424,VHK200W-Q48-S28-DIN,vhk200w-din,invalid series,No Recom Cross,0,,,,,,,,,,,,
425,VHK200W-Q48-S24-DIN,vhk200w-din,invalid series,No Recom Cross,0,,,,,,,,,,,,
426,VHK200W-Q48-S15-DIN,vhk200w-din,invalid series,No Recom Cross,0,,,,,,,,,,,,
427,VHK200W-Q48-S12-DIN,vhk200w-din,invalid series,No Recom Cross,0,,,,,,,,,,,,
428,VHK150W-Q48-S28-DIN,vhk150w-din,invalid series,No RECOM Cross,0,,,,,,,,,,,,
429,VHK150W-Q48-S48-DIN,vhk150w-din,invalid series,No RECOM Cross,0,,,,,,,,,,,,
430,VHK150W-Q48-S24-DIN,vhk150w-din,invalid series,No RECOM Cross,0,,,,,,,,,,,,
431,VHK150W-Q48-S15-DIN,vhk150w-din,invalid series,No RECOM Cross,0,,,,,,,,,,,,
432,VHK150W-Q48-S12-DIN,vhk150w-din,invalid series,No RECOM Cross,0,,,,,,,,,,,,
433,VHK100W-Q48-S5-DIN,vhk100w-din,invalid series,No RECOM Cross,0,,,,,,,,,,,,
434,VHK100W-Q48-S48-DIN,vhk100w-din,invalid series,No RECOM Cross,0,,,,,,,,,,,,
435,VHK100W-Q48-S3R3-DIN,vhk100w-din,invalid series,No RECOM Cross,0,,,,,,,,,,,,
436,VHK100W-Q48-S28-DIN,vhk100w-din,invalid series,No RECOM Cross,0,,,,,,,,,,,,
437,VHK100W-Q48-S24-DIN,vhk100w-din,invalid series,No RECOM Cross,0,,,,,,,,,,,,
438,VHK100W-Q48-S15-DIN,vhk100w-din,invalid series,No RECOM Cross,0,,,,,,,,,,,,
439,VHK100W-Q48-S12-DIN,vhk100w-din,invalid series,No RECOM Cross,0,,,,,,,,,,,,
440,VFK400W-Q48-S48-DIN,vfk400w-din,invalid series,No Recom Cross,0,,,,,,,,,,,,
441,VFK400W-Q48-S24-DIN,vfk400w-din,invalid series,No Recom Cross,0,,,,,,,,,,,,
442,VHK150W-Q48-S28,vhk150w,matched 1,REC150H-UW,6,18.0,75.0,28.0,,1500.0,1.0,REC150H-4828SUW,,,,1.0,
443,VQE50W-Q48-S48,vqe50w,matched 4,RP75H-RW,64,18.0,75.0,48.0,,1500.0,1.0,RP75H-4848SRW/P-HC,RP75H-4848SRW/P,RP75H-4848SRW/N-HC,RP75H-4848SRW/N,4.0,
444,VQE50W-Q48-S24,vqe50w,matched 5,RP75H-RW,64,18.0,75.0,24.0,,1500.0,1.0,RP75H-4824SRW/P-HC,RP75H-4824SRW/N,RP75H-4824SRW/P,RP75H-4824SRW/N-HC,5.0,KES-RP75H-4824SRW/P
445,VQE50W-Q48-S15,vqe50w,matched 4,RP75H-RW,64,18.0,75.0,15.0,,1500.0,1.0,RP75H-4815SRW/N-HC,RP75H-4815SRW/P,RP75H-4815SRW/N,RP75H-4815SRW/P-HC,4.0,
446,VQE50W-Q48-S12,vqe50w,matched 4,RP75H-RW,64,18.0,75.0,12.0,,1500.0,1.0,RP75H-4812SRW/P-HC,RP75H-4812SRW/P,RP75H-4812SRW/N,RP75H-4812SRW/N-HC,4.0,
447,VQE50W-Q48-S5,vqe50w,matched 4,RP75H-RW,64,18.0,75.0,5.0,,1500.0,1.0,RP75H-4805SRW/N,RP75H-4805SRW/P-HC,RP75H-4805SRW/P,RP75H-4805SRW/N-HC,4.0,
448,VQE50W-Q48-S3R3,vqe50w,matched 0,RP75H-RW,64,18.0,75.0,3.3,,1500.0,1.0,,,,,0.0,
449,VQB75W-Q48-S5,vqb75w,matched 4,RP90Q-RW,65,18.0,75.0,5.0,,1500.0,1.0,RP90Q-4805SRW/P,RP90Q-4805SRW/P-HC,RP90Q-4805SRW/N,RP90Q-4805SRW/N-HC,4.0,
450,VQB75W-Q48-S3R3,vqb75w,matched 0,RP90Q-RW,65,18.0,75.0,3.3,,1500.0,1.0,,,,,0.0,
451,VQB75W-Q48-S24,vqb75w,matched 5,RP90Q-RW,65,18.0,75.0,24.0,,1500.0,1.0,RP90Q-4824SRW/P,RP90Q-4824SRW/P-HC,RP90Q-4824SRW/N,RP90Q-4824SRW/N-HC,5.0,KES-RP90Q-4824SRW/P
452,VQB75W-Q48-S15,vqb75w,matched 4,RP90Q-RW,65,18.0,75.0,15.0,,1500.0,1.0,RP90Q-4815SRW/P,RP90Q-4815SRW/P-HC,RP90Q-4815SRW/N,RP90Q-4815SRW/N-HC,4.0,
453,VQB75W-Q48-S12,vqb75w,matched 4,RP90Q-RW,65,18.0,75.0,12.0,,1500.0,1.0,RP90Q-4812SRW/P,RP90Q-4812SRW/P-HC,RP90Q-4812SRW/N,RP90Q-4812SRW/N-HC,4.0,
454,VHK75W-Q48-S5,vhk75w,matched 4,RP75H-RW,64,18.0,75.0,5.0,,1500.0,1.0,RP75H-4805SRW/N,RP75H-4805SRW/P-HC,RP75H-4805SRW/P,RP75H-4805SRW/N-HC,4.0,
455,VHK75W-Q48-S48,vhk75w,matched 4,RP75H-RW,64,18.0,75.0,48.0,,1500.0,1.0,RP75H-4848SRW/P-HC,RP75H-4848SRW/P,RP75H-4848SRW/N-HC,RP75H-4848SRW/N,4.0,
456,VHK75W-Q48-S3R3,vhk75w,matched 0,RP75H-RW,64,18.0,75.0,3.3,,1500.0,1.0,,,,,0.0,
457,VHK75W-Q48-S24,vhk75w,matched 5,RP75H-RW,64,18.0,75.0,24.0,,1500.0,1.0,RP75H-4824SRW/P-HC,RP75H-4824SRW/N,RP75H-4824SRW/P,RP75H-4824SRW/N-HC,5.0,KES-RP75H-4824SRW/P
458,VHK75W-Q48-S15,vhk75w,matched 4,RP75H-RW,64,18.0,75.0,15.0,,1500.0,1.0,RP75H-4815SRW/N-HC,RP75H-4815SRW/P,RP75H-4815SRW/N,RP75H-4815SRW/P-HC,4.0,
459,VHK75W-Q48-S12,vhk75w,matched 4,RP75H-RW,64,18.0,75.0,12.0,,1500.0,1.0,RP75H-4812SRW/P-HC,RP75H-4812SRW/P,RP75H-4812SRW/N,RP75H-4812SRW/N-HC,4.0,
460,VHK50W-Q48-S5,vhk50w,matched 4,RP75H-RW,64,18.0,75.0,5.0,,1500.0,1.0,RP75H-4805SRW/N,RP75H-4805SRW/P-HC,RP75H-4805SRW/P,RP75H-4805SRW/N-HC,4.0,
461,VHK50W-Q48-S48,vhk50w,matched 4,RP75H-RW,64,18.0,75.0,48.0,,1500.0,1.0,RP75H-4848SRW/P-HC,RP75H-4848SRW/P,RP75H-4848SRW/N-HC,RP75H-4848SRW/N,4.0,
462,VHK50W-Q48-S3R3,vhk50w,matched 0,RP75H-RW,64,18.0,75.0,3.3,,1500.0,1.0,,,,,0.0,
463,VHK50W-Q48-S28,vhk50w,matched 0,RP75H-RW,64,18.0,75.0,28.0,,1500.0,1.0,,,,,0.0,
464,VHK50W-Q48-S24,vhk50w,matched 5,RP75H-RW,64,18.0,75.0,24.0,,1500.0,1.0,RP75H-4824SRW/P-HC,RP75H-4824SRW/N,RP75H-4824SRW/P,RP75H-4824SRW/N-HC,5.0,KES-RP75H-4824SRW/P
465,VHK50W-Q48-S15,vhk50w,matched 4,RP75H-RW,64,18.0,75.0,15.0,,1500.0,1.0,RP75H-4815SRW/N-HC,RP75H-4815SRW/P,RP75H-4815SRW/N,RP75H-4815SRW/P-HC,4.0,
466,VHK50W-Q48-S12,vhk50w,matched 4,RP75H-RW,64,18.0,75.0,12.0,,1500.0,1.0,RP75H-4812SRW/P-HC,RP75H-4812SRW/P,RP75H-4812SRW/N,RP75H-4812SRW/N-HC,4.0,
467,VHK200W-Q48-S48,vhk200w,matched 4,"RP240H-RW,REC300H-W",67,18.0,75.0,48.0,,1500.0,1.0,RP240H-4848SRW/P-HC,RP240H-4848SRW/N,RP240H-4848SRW/N-HC,RP240H-4848SRW/P,4.0,
468,VHK200W-Q48-S28,vhk200w,matched 0,"RP240H-RW,REC300H-W",67,18.0,75.0,28.0,,1500.0,1.0,,,,,0.0,
469,VHK200W-Q48-S24,vhk200w,matched 5,"RP240H-RW,REC300H-W",67,18.0,75.0,24.0,,1500.0,1.0,RP240H-4824SRW/P/X4,RP240H-4824SRW/N-HC,RP240H-4824SRW/P-HC,RP240H-4824SRW/N,5.0,RP240H-4824SRW/P
470,VHK200W-Q48-S15,vhk200w,matched 4,"RP240H-RW,REC300H-W",67,18.0,75.0,15.0,,1500.0,1.0,RP240H-4815SRW/P,RP240H-4815SRW/P-HC,RP240H-4815SRW/N-HC,RP240H-4815SRW/N,4.0,
471,VHK200W-Q48-S12,vhk200w,matched 4,"RP240H-RW,REC300H-W",67,18.0,75.0,12.0,,1500.0,1.0,RP240H-4812SRW/P,RP240H-4812SRW/N,RP240H-4812SRW/P-HC,RP240H-4812SRW/N-HC,4.0,
472,VHK150W-Q48-S48,vhk150w,matched 1,REC150H-UW,6,18.0,75.0,48.0,,1500.0,1.0,REC150H-4848SUW,,,,1.0,
473,VHK150W-Q48-S24,vhk150w,matched 1,REC150H-UW,6,18.0,75.0,24.0,,1500.0,1.0,REC150H-4824SUW,,,,1.0,
474,VHK150W-Q48-S15,vhk150w,matched 0,REC150H-UW,6,18.0,75.0,15.0,,1500.0,1.0,,,,,0.0,
475,VHK150W-Q48-S12,vhk150w,matched 1,REC150H-UW,6,18.0,75.0,12.0,,1500.0,1.0,REC150H-4812SUW,,,,1.0,
476,VHK100W-Q48-S5,vhk100w,matched 4,RP100H-RW,63,18.0,75.0,5.0,,1500.0,1.0,RP100H-4805SRW/P-HC,RP100H-4805SRW/N-HC,RP100H-4805SRW/P,RP100H-4805SRW/N,4.0,
477,VHK100W-Q48-S48,vhk100w,matched 4,RP100H-RW,63,18.0,75.0,48.0,,1500.0,1.0,RP100H-4848SRW/N-HC,RP100H-4848SRW/P-HC,RP100H-4848SRW/P,RP100H-4848SRW/N,4.0,
478,VHK100W-Q48-S3R3,vhk100w,matched 0,RP100H-RW,63,18.0,75.0,3.3,,1500.0,1.0,,,,,0.0,
479,VHK100W-Q48-S28,vhk100w,matched 0,RP100H-RW,63,18.0,75.0,28.0,,1500.0,1.0,,,,,0.0,
480,VHK100W-Q48-S24,vhk100w,matched 4,RP100H-RW,63,18.0,75.0,24.0,,1500.0,1.0,RP100H-4824SRW/P-HC,RP100H-4824SRW/P,RP100H-4824SRW/N,RP100H-4824SRW/N-HC,4.0,
481,VHK100W-Q48-S15,vhk100w,matched 4,RP100H-RW,63,18.0,75.0,15.0,,1500.0,1.0,RP100H-4815SRW/P,RP100H-4815SRW/N-HC,RP100H-4815SRW/P-HC,RP100H-4815SRW/N,4.0,
482,VHK100W-Q48-S12,vhk100w,matched 4,RP100H-RW,63,18.0,75.0,12.0,,1500.0,1.0,RP100H-4812SRW/N,RP100H-4812SRW/P-HC,RP100H-4812SRW/P,RP100H-4812SRW/N-HC,4.0,
483,VHB75W-Q48-S5,vhb75w,matched 4,RP75H-RW,64,18.0,75.0,5.0,,1500.0,1.0,RP75H-4805SRW/N,RP75H-4805SRW/P-HC,RP75H-4805SRW/P,RP75H-4805SRW/N-HC,4.0,
484,VHB75W-Q48-S48,vhb75w,matched 4,RP75H-RW,64,18.0,75.0,48.0,,1500.0,1.0,RP75H-4848SRW/P-HC,RP75H-4848SRW/P,RP75H-4848SRW/N-HC,RP75H-4848SRW/N,4.0,
485,VHB75W-Q48-S3R3,vhb75w,matched 0,RP75H-RW,64,18.0,75.0,3.3,,1500.0,1.0,,,,,0.0,
486,VHB75W-Q48-S24,vhb75w,matched 5,RP75H-RW,64,18.0,75.0,24.0,,1500.0,1.0,RP75H-4824SRW/P-HC,RP75H-4824SRW/N,RP75H-4824SRW/P,RP75H-4824SRW/N-HC,5.0,KES-RP75H-4824SRW/P
487,VHB75W-Q48-S15,vhb75w,matched 4,RP75H-RW,64,18.0,75.0,15.0,,1500.0,1.0,RP75H-4815SRW/N-HC,RP75H-4815SRW/P,RP75H-4815SRW/N,RP75H-4815SRW/P-HC,4.0,
488,VHB75W-Q48-S12,vhb75w,matched 4,RP75H-RW,64,18.0,75.0,12.0,,1500.0,1.0,RP75H-4812SRW/P-HC,RP75H-4812SRW/P,RP75H-4812SRW/N,RP75H-4812SRW/N-HC,4.0,
489,VHB50W-Q48-S5,vhb50w,matched 4,RP75H-RW,64,18.0,75.0,5.0,,1500.0,1.0,RP75H-4805SRW/N,RP75H-4805SRW/P-HC,RP75H-4805SRW/P,RP75H-4805SRW/N-HC,4.0,
490,VHB50W-Q48-S48,vhb50w,matched 4,RP75H-RW,64,18.0,75.0,48.0,,1500.0,1.0,RP75H-4848SRW/P-HC,RP75H-4848SRW/P,RP75H-4848SRW/N-HC,RP75H-4848SRW/N,4.0,
491,VHB50W-Q48-S3R3,vhb50w,matched 0,RP75H-RW,64,18.0,75.0,3.3,,1500.0,1.0,,,,,0.0,
492,VHB50W-Q48-S28,vhb50w,matched 0,RP75H-RW,64,18.0,75.0,28.0,,1500.0,1.0,,,,,0.0,
493,VHB50W-Q48-S24,vhb50w,matched 5,RP75H-RW,64,18.0,75.0,24.0,,1500.0,1.0,RP75H-4824SRW/P-HC,RP75H-4824SRW/N,RP75H-4824SRW/P,RP75H-4824SRW/N-HC,5.0,KES-RP75H-4824SRW/P
494,VHB50W-Q48-S15,vhb50w,matched 4,RP75H-RW,64,18.0,75.0,15.0,,1500.0,1.0,RP75H-4815SRW/N-HC,RP75H-4815SRW/P,RP75H-4815SRW/N,RP75H-4815SRW/P-HC,4.0,
495,VHB50W-Q48-S12,vhb50w,matched 4,RP75H-RW,64,18.0,75.0,12.0,,1500.0,1.0,RP75H-4812SRW/P-HC,RP75H-4812SRW/P,RP75H-4812SRW/N,RP75H-4812SRW/N-HC,4.0,
496,VHB200W-Q48-S5,vhb200w,matched 4,"RP240H-RW,REC300H-W",67,18.0,75.0,5.0,,1500.0,1.0,RP240H-4805SRW/N,RP240H-4805SRW/P-HC,RP240H-4805SRW/P,RP240H-4805SRW/N-HC,4.0,
497,VHB200W-Q48-S48,vhb200w,matched 4,"RP240H-RW,REC300H-W",67,18.0,75.0,48.0,,1500.0,1.0,RP240H-4848SRW/P-HC,RP240H-4848SRW/N,RP240H-4848SRW/N-HC,RP240H-4848SRW/P,4.0,
498,VHB200W-Q48-S3R3,vhb200w,matched 0,"RP240H-RW,REC300H-W",67,18.0,75.0,3.3,,1500.0,1.0,,,,,0.0,
499,VHB200W-Q48-S28,vhb200w,matched 0,"RP240H-RW,REC300H-W",67,18.0,75.0,28.0,,1500.0,1.0,,,,,0.0,
500,VHB200W-Q48-S24,vhb200w,matched 5,"RP240H-RW,REC300H-W",67,18.0,75.0,24.0,,1500.0,1.0,RP240H-4824SRW/P/X4,RP240H-4824SRW/N-HC,RP240H-4824SRW/P-HC,RP240H-4824SRW/N,5.0,RP240H-4824SRW/P
501,VHB200W-Q48-S15,vhb200w,matched 4,"RP240H-RW,REC300H-W",67,18.0,75.0,15.0,,1500.0,1.0,RP240H-4815SRW/P,RP240H-4815SRW/P-HC,RP240H-4815SRW/N-HC,RP240H-4815SRW/N,4.0,
502,VHB200W-Q48-S12,vhb200w,matched 4,"RP240H-RW,REC300H-W",67,18.0,75.0,12.0,,1500.0,1.0,RP240H-4812SRW/P,RP240H-4812SRW/N,RP240H-4812SRW/P-HC,RP240H-4812SRW/N-HC,4.0,
503,VHB150W-Q48-S5,vhb150w,matched 0,REC150H-UW,6,18.0,75.0,5.0,,1500.0,1.0,,,,,0.0,
504,VHB150W-Q48-S48,vhb150w,matched 1,REC150H-UW,6,18.0,75.0,48.0,,1500.0,1.0,REC150H-4848SUW,,,,1.0,
505,VHB150W-Q48-S3R3,vhb150w,matched 0,REC150H-UW,6,18.0,75.0,3.3,,1500.0,1.0,,,,,0.0,
506,VHB150W-Q48-S28,vhb150w,matched 1,REC150H-UW,6,18.0,75.0,28.0,,1500.0,1.0,REC150H-4828SUW,,,,1.0,
507,VHB150W-Q48-S24,vhb150w,matched 1,REC150H-UW,6,18.0,75.0,24.0,,1500.0,1.0,REC150H-4824SUW,,,,1.0,
508,VHB150W-Q48-S15,vhb150w,matched 0,REC150H-UW,6,18.0,75.0,15.0,,1500.0,1.0,,,,,0.0,
509,VHB150W-Q48-S12,vhb150w,matched 1,REC150H-UW,6,18.0,75.0,12.0,,1500.0,1.0,REC150H-4812SUW,,,,1.0,
510,VFK400W-Q48-S48,vfk400w,invalid series,No Recom Cross,0,,,,,,,,,,,,
511,VFK400W-Q48-S24,vfk400w,invalid series,No Recom Cross,0,,,,,,,,,,,,
512,VFK400W-Q48-S12-DIN,vfk400w-din,invalid series,No Recom Cross,0,,,,,,,,,,,,
513,VFK400W-Q48-S12,vfk400w,invalid series,No Recom Cross,0,,,,,,,,,,,,
514,PCN2-S24-D15-S,pcn2-s,matched 4,RKZE,113,21.6,26.4,15.0,-15.0,1000.0,2.0,RKZE-2415D,RKZE-2415D/H,RKZE-2415D/P,RKZE-2415D/HP,4.0,
515,PCN2-S24-D12-S,pcn2-s,matched 4,RKZE,113,21.6,26.4,12.0,-12.0,1000.0,2.0,RKZE-2412D,RKZE-2412D/H,RKZE-2412D/P,RKZE-2412D/HP,4.0,
516,PCN2-S24-D5-S,pcn2-s,matched 4,RKZE,113,21.6,26.4,5.0,-5.0,1000.0,2.0,RKZE-2405D,RKZE-2405D/H,RKZE-2405D/P,RKZE-2405D/HP,4.0,
517,PCN2-S24-S15-S,pcn2-s,matched 4,RKZE,113,21.6,26.4,15.0,,1000.0,1.0,RKZE-2415S,RKZE-2415S/H,RKZE-2415S/P,RKZE-2415S/HP,4.0,
518,PCN2-S24-S12-S,pcn2-s,matched 4,RKZE,113,21.6,26.4,12.0,,1000.0,1.0,RKZE-2412S,RKZE-2412S/H,RKZE-2412S/P,RKZE-2412S/HP,4.0,
519,PCN2-S24-S5-S,pcn2-s,matched 4,RKZE,113,21.6,26.4,5.0,,1000.0,1.0,RKZE-2405S,RKZE-2405S/H,RKZE-2405S/P,RKZE-2405S/HP,4.0,
520,PCSA1-S24-S15-S,pcsa1-s,matched 0,ROE,15,21.6,26.4,15.0,,1000.0,1.0,,,,,0.0,
521,PCSA1-S24-S12-S,pcsa1-s,matched 0,ROE,15,21.6,26.4,12.0,,1000.0,1.0,,,,,0.0,
522,PCSA1-S24-S5-S,pcsa1-s,matched 2,ROE,15,21.6,26.4,5.0,,1000.0,1.0,ROE-2405S,WE-ROE-2405S,,,2.0,
523,PCN1-S24-D15-S,pcn1-s,matched 3,RB,317,21.6,26.4,15.0,-15.0,1500.0,2.0,RB-2415D/H,RB-2415D/HP,RB-2415D/HP/X2,,3.0,
524,PCN1-S24-D12-S,pcn1-s,matched 2,RB,317,21.6,26.4,12.0,-12.0,1500.0,2.0,RB-2412D/H,RB-2412D/HP,,,2.0,
525,PCN1-S24-D5-S,pcn1-s,matched 2,RB,317,21.6,26.4,5.0,-5.0,1500.0,2.0,RB-2405D/H,RB-2405D/HP,,,2.0,
526,PCN1-S24-S15-S,pcn1-s,matched 3,RB,317,21.6,26.4,15.0,,1500.0,1.0,RB-2415S/H,RB-2415S/HP,RB-2415S/HP/X2,,3.0,
527,PCN1-S24-S12-S,pcn1-s,matched 3,RB,317,21.6,26.4,12.0,,1500.0,1.0,RB-2412S/H,RB-2412S/HP,RB-2412S/HP/X2,,3.0,
528,PCN1-S24-S5-S,pcn1-s,matched 2,RB,317,21.6,26.4,5.0,,1500.0,1.0,RB-2405S/H,RB-2405S/HP,,,2.0,
529,PTP15-48-S24,ptp15,invalid series,No RECOM Cross,0,,,,,,,,,,,,
530,PTP15-48-S15,ptp15,invalid series,No RECOM Cross,0,,,,,,,,,,,,
531,PTP15-48-S12,ptp15,invalid series,No RECOM Cross,0,,,,,,,,,,,,
532,PTP15-48-S5,ptp15,invalid series,No RECOM Cross,0,,,,,,,,,,,,
533,PDQ2-D48-D15-S,pdq2-s,invalid series,No RECOM Cross,0,,,,,,,,,,,,
534,PDQ2-D48-D12-S,pdq2-s,invalid series,No RECOM Cross,0,,,,,,,,,,,,
535,PDQ2-D48-D5-S,pdq2-s,invalid series,No RECOM Cross,0,,,,,,,,,,,,
536,PDQ2-D48-S15-S,pdq2-s,invalid series,No RECOM Cross,0,,,,,,,,,,,,
537,PDQ2-D48-S12-S,pdq2-s,invalid series,No RECOM Cross,0,,,,,,,,,,,,
538,PDQ2-D48-S5-S,pdq2-s,invalid series,No RECOM Cross,0,,,,,,,,,,,,
539,PDQ2-D48-S3-S,pdq2-s,invalid series,No RECOM Cross,0,,,,,,,,,,,,
540,VFK600-D48-S48-DIN,vfk600-din,invalid series,No Recom Cross,0,,,,,,,,,,,,
541,VFK600-D48-S32-DIN,vfk600-din,invalid series,No Recom Cross,0,,,,,,,,,,,,
542,VFK600-D48-S28-DIN,vfk600-din,invalid series,No Recom Cross,0,,,,,,,,,,,,
543,VFK600-D48-S24-DIN,vfk600-din,invalid series,No Recom Cross,0,,,,,,,,,,,,
544,VFK600-D48-S12-DIN,vfk600-din,invalid series,No Recom Cross,0,,,,,,,,,,,,
545,VHB350-D48-S5,vhb350,invalid series,No Recom Cross,0,,,,,,,,,,,,
546,VHB350-D48-S3R3,vhb350,invalid series,No Recom Cross,0,,,,,,,,,,,,
547,VHB350-D48-S28,vhb350,invalid series,No Recom Cross,0,,,,,,,,,,,,
548,VHB350-D48-S24,vhb350,invalid series,No Recom Cross,0,,,,,,,,,,,,
549,VHB350-D48-S12,vhb350,invalid series,No Recom Cross,0,,,,,,,,,,,,
550,VFK600-D48-S48,vfk600,invalid series,No Recom Cross,0,,,,,,,,,,,,
551,VFK600-D48-S32,vfk600,invalid series,No Recom Cross,0,,,,,,,,,,,,
552,VFK600-D48-S28,vfk600,invalid series,No Recom Cross,0,,,,,,,,,,,,
553,VFK600-D48-S24,vfk600,invalid series,No Recom Cross,0,,,,,,,,,,,,
554,VFK600-D48-S12,vfk600,invalid series,No Recom Cross,0,,,,,,,,,,,,
555,VFB600-D48-S48,vfb600,invalid series,No Recom Cross,0,,,,,,,,,,,,
556,VFB600-D48-S32,vfb600,invalid series,No Recom Cross,0,,,,,,,,,,,,
557,VFB600-D48-S28,vfb600,invalid series,No Recom Cross,0,,,,,,,,,,,,
558,VFB600-D48-S24,vfb600,invalid series,No Recom Cross,0,,,,,,,,,,,,
559,VFB600-D48-S12,vfb600,invalid series,No Recom Cross,0,,,,,,,,,,,,
560,VCD40-D48-T515,vcd40,invalid series,No RECOM Cross,0,,,,,,,,,,,,
561,VCD40-D48-T512,vcd40,invalid series,No RECOM Cross,0,,,,,,,,,,,,
562,VCD40-D48-T315,vcd40,invalid series,No RECOM Cross,0,,,,,,,,,,,,
563,VCD40-D48-T312,vcd40,invalid series,No RECOM Cross,0,,,,,,,,,,,,
564,VCD40-D48-S5,vcd40,invalid series,No RECOM Cross,0,,,,,,,,,,,,
565,VCD40-D48-S3R3,vcd40,invalid series,No RECOM Cross,0,,,,,,,,,,,,
566,VCD40-D48-S15,vcd40,invalid series,No RECOM Cross,0,,,,,,,,,,,,
567,VCD40-D48-S12,vcd40,invalid series,No RECOM Cross,0,,,,,,,,,,,,
568,VCD40-D48-D15,vcd40,invalid series,No RECOM Cross,0,,,,,,,,,,,,
569,VCD40-D48-D12,vcd40,invalid series,No RECOM Cross,0,,,,,,,,,,,,
570,PRC60W-110-S48,prc60w,matched 0,RP75H-RW,64,40.0,160.0,48.0,,3000.0,1.0,,,,,0.0,
571,PRC60W-110-S24,prc60w,matched 0,RP75H-RW,64,40.0,160.0,24.0,,3000.0,1.0,,,,,0.0,
572,PRC60W-110-S12,prc60w,matched 0,RP75H-RW,64,40.0,160.0,12.0,,3000.0,1.0,,,,,0.0,
573,PRC60W-110-S5,prc60w,matched 0,RP75H-RW,64,40.0,160.0,5.0,,3000.0,1.0,,,,,0.0,
574,PRC40W-110-S48,prc40w,matched 0,RP40-FR,101,40.0,160.0,48.0,,3000.0,1.0,,,,,0.0,
575,PRC40W-110-S24,prc40w,matched 0,RP40-FR,101,40.0,160.0,24.0,,3000.0,1.0,,,,,0.0,
576,PRC40W-110-S12,prc40w,matched 0,RP40-FR,101,40.0,160.0,12.0,,3000.0,1.0,,,,,0.0,
577,PRC40W-110-S5,prc40w,matched 0,RP40-FR,101,40.0,160.0,5.0,,3000.0,1.0,,,,,0.0,
578,PRF20-Q110-D15,prf20,No prf20 in Series Crosses @ Trustbit CUI.xlsx file,,,,,,,,,,,,,,
579,PRF20-Q110-D12,prf20,No prf20 in Series Crosses @ Trustbit CUI.xlsx file,,,,,,,,,,,,,,
580,PRF20-Q110-S15,prf20,No prf20 in Series Crosses @ Trustbit CUI.xlsx file,,,,,,,,,,,,,,
581,PRF20-Q110-S12,prf20,No prf20 in Series Crosses @ Trustbit CUI.xlsx file,,,,,,,,,,,,,,
582,PRF20-Q110-S5,prf20,No prf20 in Series Crosses @ Trustbit CUI.xlsx file,,,,,,,,,,,,,,
583,VHB150R-T110-S24,vhb150r,matched 4,RP180H-RW,63,66.0,160.0,24.0,,2250.0,1.0,RP180H-11024SRW/P,RP180H-11024SRW/N-HC,RP180H-11024SRW/P-HC,RP180H-11024SRW/N,4.0,
584,VHB150R-T110-S12,vhb150r,matched 4,RP180H-RW,63,66.0,160.0,12.0,,2250.0,1.0,RP180H-11012SRW/N-HC,RP180H-11012SRW/P,RP180H-11012SRW/N,RP180H-11012SRW/P-HC,4.0,
585,VHB150R-T110-S5,vhb150r,matched 4,RP180H-RW,63,66.0,160.0,5.0,,2250.0,1.0,RP180H-11005SRW/N,RP180H-11005SRW/N-HC,RP180H-11005SRW/P,RP180H-11005SRW/P-HC,4.0,
586,VQB100R-T110-S24,vqb100r,matched 4,RP100H-RW,63,66.0,160.0,24.0,,2250.0,1.0,RP100H-11024SRW/P,RP100H-11024SRW/N,RP100H-11024SRW/P-HC,RP100H-11024SRW/N-HC,4.0,
587,VQB100R-T110-S12,vqb100r,matched 4,RP100H-RW,63,66.0,160.0,12.0,,2250.0,1.0,RP100H-11012SRW/P-HC,RP100H-11012SRW/P,RP100H-11012SRW/N,RP100H-11012SRW/N-HC,4.0,
588,VQB100R-T110-S5,vqb100r,matched 4,RP100H-RW,63,66.0,160.0,5.0,,2250.0,1.0,RP100H-11005SRW/N-HC,RP100H-11005SRW/P-HC,RP100H-11005SRW/N,RP100H-11005SRW/P,4.0,
