,CUI Part,status,RECOM series,candidates,vin_min,vin_max,vout_1,vout_2,isolation_vac,# full matches,# match Vin MIN,# match Vin MAX,# match Vout 1,# match Vout 2,# match Isolation,# match Num outputs,Recom 1,Recom 2,Recom 3,Recom 4,Recom 5
0,VOF-4-24-P,no RECOM series crosses,,,,,,,,,,,,,,,,,,,
1,VOF-4-15-P,no RECOM series crosses,,,,,,,,,,,,,,,,,,,
2,VOF-4-12-P,no RECOM series crosses,,,,,,,,,,,,,,,,,,,
3,VOF-4-5-P,no RECOM series crosses,,,,,,,,,,,,,,,,,,,
4,VOF-4-3-P,no RECOM series crosses,,,,,,,,,,,,,,,,,,,
5,VOF-4-24,no RECOM series crosses,,,,,,,,,,,,,,,,,,,
6,VOF-4-15,no RECOM series crosses,,,,,,,,,,,,,,,,,,,
7,VOF-4-12,no RECOM series crosses,,,,,,,,,,,,,,,,,,,
8,VOF-4-5,no RECOM series crosses,,,,,,,,,,,,,,,,,,,
9,VOF-4-3,no RECOM series crosses,,,,,,,,,,,,,,,,,,,
10,PSK-4-24,no RECOM series crosses,,,,,,,,,,,,,,,,,,,
11,PSK-4-15,no RECOM series crosses,,,,,,,,,,,,,,,,,,,
12,PSK-4-12,no RECOM series crosses,,,,,,,,,,,,,,,,,,,
13,PSK-4-5,no RECOM series crosses,,,,,,,,,,,,,,,,,,,
14,PSK-4-3,no RECOM series crosses,,,,,,,,,,,,,,,,,,,
15,VOF-6B-S24,no RECOM series crosses,,,,,,,,,,,,,,,,,,,
16,VOF-6B-S15,no RECOM series crosses,,,,,,,,,,,,,,,,,,,
17,VOF-6B-S12,no RECOM series crosses,,,,,,,,,,,,,,,,,,,
18,VOF-6B-S9,no RECOM series crosses,,,,,,,,,,,,,,,,,,,
19,VOF-6B-S5,no RECOM series crosses,,,,,,,,,,,,,,,,,,,
20,PSK-6B-S24,CUI series not found in cross-list,,,,,,,,,,,,,,,,,,,
21,PSK-6B-S15,CUI series not found in cross-list,,,,,,,,,,,,,,,,,,,
22,PSK-6B-S12,CUI series not found in cross-list,,,,,,,,,,,,,,,,,,,
23,PSK-6B-S9,CUI series not found in cross-list,,,,,,,,,,,,,,,,,,,
24,PSK-6B-S5,CUI series not found in cross-list,,,,,,,,,,,,,,,,,,,
25,VOF-S12C-5,matched 4,RACM15E-K,27 RECOM candidates,90.0,264.0,5.0,,3000.0,4 of 27,24,24,4,27,24,24,RACM15E-05SK/OF,RACM15E-05SK/PMAD-CTN,RACM15E-05SK/PMAD-T,RACM15E-05SK/PMCD-CTN,
26,VOF-S12B-5,no RECOM series crosses,,,,,,,,,,,,,,,,,,,
27,PSK-S12B-5,no RECOM series crosses,,,,,,,,,,,,,,,,,,,
28,VOF-10B-S9,No crosslisting matches,RAC10-K,2 RECOM candidates,85.0,264.0,9.0,,4000.0,0 of 2,,,,,,,,,,,
29,VOF-10B-S5,No crosslisting matches,RAC10-K,2 RECOM candidates,85.0,264.0,5.0,,4000.0,0 of 2,,,,,,,,,,,
30,PSK-10B-S9,CUI series not found in cross-list,,,,,,,,,,,,,,,,,,,
31,PSK-10B-S5,CUI series not found in cross-list,,,,,,,,,,,,,,,,,,,
32,VOF-10B-S12,No crosslisting matches,RAC10-K,2 RECOM candidates,85.0,264.0,12.0,,4000.0,0 of 2,,,,,,,,,,,
33,PSK-10B-S12,CUI series not found in cross-list,,,,,,,,,,,,,,,,,,,
34,VOF-10B-S15,No crosslisting matches,RAC10-K,2 RECOM candidates,85.0,264.0,15.0,,4000.0,0 of 2,,,,,,,,,,,
35,PSK-10B-S15,CUI series not found in cross-list,,,,,,,,,,,,,,,,,,,
36,VOF-10B-S24,No crosslisting matches,RAC10-K,2 RECOM candidates,85.0,264.0,24.0,,4000.0,0 of 2,,,,,,,,,,,
37,PSK-10B-S24,CUI series not found in cross-list,,,,,,,,,,,,,,,,,,,
38,VOF-S12C-24,matched 4,RACM15E-K,27 RECOM candidates,90.0,264.0,24.0,,3000.0,4 of 27,24,24,4,27,24,24,RACM15E-24SK/OF,RACM15E-24SK/PMAD-CTN,RACM15E-24SK/PMAD-T,RACM15E-24SK/PMCD-CTN,
39,VOF-S12C-15,matched 4,RACM15E-K,27 RECOM candidates,90.0,264.0,15.0,,3000.0,4 of 27,24,24,4,27,24,24,RACM15E-15SK/OF,RACM15E-15SK/PMAD-CTN,RACM15E-15SK/PMAD-T,RACM15E-15SK/PMCD-CTN,
40,VOF-S12C-12,matched 4,RACM15E-K,27 RECOM candidates,90.0,264.0,12.0,,3000.0,4 of 27,24,24,4,27,24,24,RACM15E-12SK/OF,RACM15E-12SK/PMAD-CTN,RACM15E-12SK/PMAD-T,RACM15E-12SK/PMCD-CTN,
41,VOF-S12C-9,No crosslisting matches,RACM15E-K,27 RECOM candidates,90.0,264.0,9.0,,3000.0,0 of 27,,,,,,,,,,,
42,VOF-S12B-24,no RECOM series crosses,,,,,,,,,,,,,,,,,,,
43,VOF-S12B-15,no RECOM series crosses,,,,,,,,,,,,,,,,,,,
44,VOF-S12B-12,no RECOM series crosses,,,,,,,,,,,,,,,,,,,
45,VOF-S12B-9,no RECOM series crosses,,,,,,,,,,,,,,,,,,,
46,PSK-S12B-24,no RECOM series crosses,,,,,,,,,,,,,,,,,,,
47,PSK-S12B-15,no RECOM series crosses,,,,,,,,,,,,,,,,,,,
48,PSK-S12B-12,no RECOM series crosses,,,,,,,,,,,,,,,,,,,
49,PSK-S12B-9,no RECOM series crosses,,,,,,,,,,,,,,,,,,,
50,VMS-20-3.3,no RECOM series crosses,,,,,,,,,,,,,,,,,,,
51,VOF-15B-S5,no RECOM series crosses,,,,,,,,,,,,,,,,,,,
52,PSK-15B-S5,CUI series not found in cross-list,,,,,,,,,,,,,,,,,,,
53,VOF-15B-S9,no RECOM series crosses,,,,,,,,,,,,,,,,,,,
54,PSK-15B-S9,CUI series not found in cross-list,,,,,,,,,,,,,,,,,,,
55,VOF-15B-S24,no RECOM series crosses,,,,,,,,,,,,,,,,,,,
56,VOF-15B-S15,no RECOM series crosses,,,,,,,,,,,,,,,,,,,
57,VOF-15B-S12,no RECOM series crosses,,,,,,,,,,,,,,,,,,,
58,PSK-15B-S24,CUI series not found in cross-list,,,,,,,,,,,,,,,,,,,
59,PSK-15B-S15,CUI series not found in cross-list,,,,,,,,,,,,,,,,,,,
60,PSK-15B-S12,CUI series not found in cross-list,,,,,,,,,,,,,,,,,,,
61,VOF-15B-S48,no RECOM series crosses,,,,,,,,,,,,,,,,,,,
62,PSK-15B-S48,CUI series not found in cross-list,,,,,,,,,,,,,,,,,,,
63,PSK-20B-S5,CUI series not found in cross-list,,,,,,,,,,,,,,,,,,,
64,PSK-20B-S9,CUI series not found in cross-list,,,,,,,,,,,,,,,,,,,
65,VOF-20B-S12,no RECOM series crosses,,,,,,,,,,,,,,,,,,,
66,PSK-20B-S12,CUI series not found in cross-list,,,,,,,,,,,,,,,,,,,
67,VOF-20B-S15,no RECOM series crosses,,,,,,,,,,,,,,,,,,,
68,PSK-20B-S15,CUI series not found in cross-list,,,,,,,,,,,,,,,,,,,
69,VMS-40-3.3,No crosslisting matches,RACM40-K,48 RECOM candidates,90.0,264.0,3.3,,,0 of 48,,,,,,,,,,,
70,VOF-S25C-5,No crosslisting matches,RAC20NE-K,35 RECOM candidates,90.0,264.0,5.0,,3000.0,0 of 35,,,,,,,,,,,
71,VOF-S25B-5,matched 4,RAC20-K,24 RECOM candidates,90.0,264.0,5.0,,3000.0,4 of 24,23,23,4,21,23,20,RAC20-05SK,RAC20-05SK/X5A,RAC20-05SK/X2A,RAC20-05SK/X6,
72,VOF-20B-S48,no RECOM series crosses,,,,,,,,,,,,,,,,,,,
73,PSK-20B-S48,CUI series not found in cross-list,,,,,,,,,,,,,,,,,,,
74,VMS-20-5,no RECOM series crosses,,,,,,,,,,,,,,,,,,,
75,VOF-20B-S24,no RECOM series crosses,,,,,,,,,,,,,,,,,,,
76,PSK-20B-S24,CUI series not found in cross-list,,,,,,,,,,,,,,,,,,,
77,VMS-20-12,no RECOM series crosses,,,,,,,,,,,,,,,,,,,
78,VMS-20-9,no RECOM series crosses,,,,,,,,,,,,,,,,,,,
79,VMS-20-15,no RECOM series crosses,,,,,,,,,,,,,,,,,,,
80,VMS-20-24,no RECOM series crosses,,,,,,,,,,,,,,,,,,,
81,VOF-S25C-48,No crosslisting matches,RAC20NE-K,35 RECOM candidates,90.0,264.0,48.0,,3000.0,0 of 35,,,,,,,,,,,
82,VOF-S25C-36,No crosslisting matches,RAC20NE-K,35 RECOM candidates,90.0,264.0,36.0,,3000.0,0 of 35,,,,,,,,,,,
83,VOF-S25C-24,No crosslisting matches,RAC20NE-K,35 RECOM candidates,90.0,264.0,24.0,,3000.0,0 of 35,,,,,,,,,,,
84,VOF-S25C-15,No crosslisting matches,RAC20NE-K,35 RECOM candidates,90.0,264.0,15.0,,3000.0,0 of 35,,,,,,,,,,,
85,VOF-S25C-12,No crosslisting matches,RAC20NE-K,35 RECOM candidates,90.0,264.0,12.0,,3000.0,0 of 35,,,,,,,,,,,
86,VOF-S25B-48,matched 1,RAC20-K,24 RECOM candidates,90.0,264.0,48.0,,3000.0,1 of 24,23,23,1,21,23,20,RAC20-48SK,,,,
87,VOF-S25B-36,No crosslisting matches,RAC20-K,24 RECOM candidates,90.0,264.0,36.0,,3000.0,0 of 24,,,,,,,,,,,
88,VOF-S25B-24,matched 5,RAC20-K,24 RECOM candidates,90.0,264.0,24.0,,3000.0,5 of 24,23,23,5,21,23,20,RAC20-24SK,RAC20-24SK/X8A,RAC20-24SK/X5A,RAC20-24SK/OVG,RAC20-24SK/X6
89,VOF-S25B-15,matched 1,RAC20-K,24 RECOM candidates,90.0,264.0,15.0,,3000.0,1 of 24,23,23,2,21,23,20,RAC20-15SK,,,,
90,VOF-S25B-12,matched 5,RAC20-K,24 RECOM candidates,90.0,264.0,12.0,,3000.0,5 of 24,23,23,7,21,23,20,RAC20-12SK,RAC20-12SK/X2-34,RAC20-12SK/X5A,RAC20-12SK/OVG,RAC20-12SK/X6
91,PSK-S25B-36,no RECOM series crosses,,,,,,,,,,,,,,,,,,,
92,PSK-S25B-24,no RECOM series crosses,,,,,,,,,,,,,,,,,,,
93,PSK-S25B-15,no RECOM series crosses,,,,,,,,,,,,,,,,,,,
94,PSK-S25B-12,no RECOM series crosses,,,,,,,,,,,,,,,,,,,
95,VMS-40-5,No crosslisting matches,RACM40-K,48 RECOM candidates,90.0,264.0,5.0,,,0 of 48,,,,,,,,,,,
96,VOF-S60C-5,matched 9,RACM60-K,65 RECOM candidates,90.0,264.0,5.0,,3000.0,9 of 65,59,59,9,65,59,59,RACM60-05SK/OF,RACM60-05SK/OF-CTN,RACM60-05SK/OF/PCB-T,RACM60-05SK/OF/2x4,RACM60-05SK/OF/2x4-CTN
97,VOF-S60B-5,no RECOM series crosses,,,,,,,,,,,,,,,,,,,
98,PSK-S60B-5,no RECOM series crosses,,,,,,,,,,,,,,,,,,,
99,VMS-60-5,No crosslisting matches,RACM60-K,65 RECOM candidates,90.0,264.0,5.0,,,0 of 65,,,,,,,,,,,
100,VMS-40-9,No crosslisting matches,RACM40-K,48 RECOM candidates,90.0,264.0,9.0,,,0 of 48,,,,,,,,,,,
101,VMS-40-48,No crosslisting matches,RACM40-K,48 RECOM candidates,90.0,264.0,48.0,,,0 of 48,,,,,,,,,,,
102,VMS-40-36,No crosslisting matches,RACM40-K,48 RECOM candidates,90.0,264.0,36.0,,,0 of 48,,,,,,,,,,,
103,VMS-40-30,No crosslisting matches,RACM40-K,48 RECOM candidates,90.0,264.0,30.0,,,0 of 48,,,,,,,,,,,
104,VMS-40-24,No crosslisting matches,RACM40-K,48 RECOM candidates,90.0,264.0,24.0,,,0 of 48,,,,,,,,,,,
105,VMS-40-15,No crosslisting matches,RACM40-K,48 RECOM candidates,90.0,264.0,15.0,,,0 of 48,,,,,,,,,,,
106,VMS-40-12,No crosslisting matches,RACM40-K,48 RECOM candidates,90.0,264.0,12.0,,,0 of 48,,,,,,,,,,,
107,VMS-45-48-CNF,no RECOM series crosses,,,,,,,,,,,,,,,,,,,
108,VMS-45-36-CNF,no RECOM series crosses,,,,,,,,,,,,,,,,,,,
109,VMS-45-24-CNF,no RECOM series crosses,,,,,,,,,,,,,,,,,,,
110,VMS-45-15-CNF,no RECOM series crosses,,,,,,,,,,,,,,,,,,,
111,VMS-45-12-CNF,no RECOM series crosses,,,,,,,,,,,,,,,,,,,
112,VMS-45-5-CNF,no RECOM series crosses,,,,,,,,,,,,,,,,,,,
113,VMS-45-3-CNF,no RECOM series crosses,,,,,,,,,,,,,,,,,,,
114,VOF-50B-24,matched 12,RACM60-K,65 RECOM candidates,90.0,264.0,24.0,,3000.0,12 of 65,59,59,12,65,59,59,RACM60-24SK/OF,RACM60-24SK/OF-CTN,RACM60-24SK/OF/PCB-T,RACM60-24SK/OF/2x4,RACM60-24SK/OF/2x4/6P
115,VOF-50B-12,matched 11,RACM60-K,65 RECOM candidates,90.0,264.0,12.0,,3000.0,11 of 65,59,59,11,65,59,59,RACM60-12SK/OF,RACM60-12SK/OF/XR,RACM60-12SK/OF-CTN,RACM60-12SK/OF/PCB-T,RACM60-12SK/OF/2x4
116,VOF-50B-15,matched 9,RACM60-K,65 RECOM candidates,90.0,264.0,15.0,,3000.0,9 of 65,59,59,9,65,59,59,RACM60-15SK/OF,RACM60-15SK/OF-CTN,RACM60-15SK/OF/PCB-T,RACM60-15SK/OF/2x4,RACM60-15SK/OF/2x4-CTN
117,VOF-S60C-48,matched 9,RACM60-K,65 RECOM candidates,90.0,264.0,48.0,,3000.0,9 of 65,59,59,9,65,59,59,RACM60-48SK/OF,RACM60-48SK/OF-CTN,RACM60-48SK/OF/PCB-T,RACM60-48SK/OF/2x4,RACM60-48SK/OF/2x4-CTN
118,VOF-S60C-36,matched 9,RACM60-K,65 RECOM candidates,90.0,264.0,36.0,,3000.0,9 of 65,59,59,9,65,59,59,RACM60-36SK/OF,RACM60-36SK/OF-CTN,RACM60-36SK/OF/PCB-T,RACM60-36SK/OF/2x4,RACM60-36SK/OF/2x4-CTN
119,VOF-S60C-24,matched 12,RACM60-K,65 RECOM candidates,90.0,264.0,24.0,,3000.0,12 of 65,59,59,12,65,59,59,RACM60-24SK/OF,RACM60-24SK/OF-CTN,RACM60-24SK/OF/PCB-T,RACM60-24SK/OF/2x4,RACM60-24SK/OF/2x4/6P
120,VOF-S60C-15,matched 9,RACM60-K,65 RECOM candidates,90.0,264.0,15.0,,3000.0,9 of 65,59,59,9,65,59,59,RACM60-15SK/OF,RACM60-15SK/OF-CTN,RACM60-15SK/OF/PCB-T,RACM60-15SK/OF/2x4,RACM60-15SK/OF/2x4-CTN
121,VOF-S60C-12,matched 11,RACM60-K,65 RECOM candidates,90.0,264.0,12.0,,3000.0,11 of 65,59,59,11,65,59,59,RACM60-12SK/OF,RACM60-12SK/OF/XR,RACM60-12SK/OF-CTN,RACM60-12SK/OF/PCB-T,RACM60-12SK/OF/2x4
122,VOF-S60B-48,no RECOM series crosses,,,,,,,,,,,,,,,,,,,
123,VOF-S60B-36,no RECOM series crosses,,,,,,,,,,,,,,,,,,,
124,VOF-S60B-24,no RECOM series crosses,,,,,,,,,,,,,,,,,,,
125,VOF-S60B-15,no RECOM series crosses,,,,,,,,,,,,,,,,,,,
126,VOF-S60B-12,no RECOM series crosses,,,,,,,,,,,,,,,,,,,
127,PSK-S60B-36,no RECOM series crosses,,,,,,,,,,,,,,,,,,,
128,PSK-S60B-24,no RECOM series crosses,,,,,,,,,,,,,,,,,,,
129,PSK-S60B-15,no RECOM series crosses,,,,,,,,,,,,,,,,,,,
130,PSK-S60B-12,no RECOM series crosses,,,,,,,,,,,,,,,,,,,
131,VMS-60-48,No crosslisting matches,RACM60-K,65 RECOM candidates,90.0,264.0,48.0,,,0 of 65,,,,,,,,,,,
132,VMS-60-24,No crosslisting matches,RACM60-K,65 RECOM candidates,90.0,264.0,24.0,,,0 of 65,,,,,,,,,,,
133,VMS-60-15,No crosslisting matches,RACM60-K,65 RECOM candidates,90.0,264.0,15.0,,,0 of 65,,,,,,,,,,,
134,VMS-60-12,No crosslisting matches,RACM60-K,65 RECOM candidates,90.0,264.0,12.0,,,0 of 65,,,,,,,,,,,
135,VBM-70-36-H,no RECOM series crosses,,,,,,,,,,,,,,,,,,,
136,VBM-70-36,no RECOM series crosses,,,,,,,,,,,,,,,,,,,
137,VBM-70-48-H,no RECOM series crosses,,,,,,,,,,,,,,,,,,,
138,VBM-70-24-H,no RECOM series crosses,,,,,,,,,,,,,,,,,,,
139,VBM-70-12-H,no RECOM series crosses,,,,,,,,,,,,,,,,,,,
140,VBM-70-48,no RECOM series crosses,,,,,,,,,,,,,,,,,,,
141,VBM-70-24,no RECOM series crosses,,,,,,,,,,,,,,,,,,,
142,VBM-70-12,no RECOM series crosses,,,,,,,,,,,,,,,,,,,
143,VOF-70B-48,no RECOM series crosses,,,,,,,,,,,,,,,,,,,
144,VOF-70B-24,no RECOM series crosses,,,,,,,,,,,,,,,,,,,
145,VOF-70B-12,no RECOM series crosses,,,,,,,,,,,,,,,,,,,
146,VSUU-120-3.3,CUI series not found in cross-list,,,,,,,,,,,,,,,,,,,
147,VSBU-120-3.3,CUI series not found in cross-list,,,,,,,,,,,,,,,,,,,
148,VSBU-120-D305,CUI series not found in cross-list,,,,,,,,,,,,,,,,,,,
149,VOF-80B-48-P,no RECOM series crosses,,,,,,,,,,,,,,,,,,,
150,VOF-80B-24-P,no RECOM series crosses,,,,,,,,,,,,,,,,,,,
151,VOF-80B-15-P,no RECOM series crosses,,,,,,,,,,,,,,,,,,,
152,VOF-80B-12-P,no RECOM series crosses,,,,,,,,,,,,,,,,,,,
153,VOF-80B-48,no RECOM series crosses,,,,,,,,,,,,,,,,,,,
154,VOF-80B-24,no RECOM series crosses,,,,,,,,,,,,,,,,,,,
155,VOF-80B-15,no RECOM series crosses,,,,,,,,,,,,,,,,,,,
156,VOF-80B-12,no RECOM series crosses,,,,,,,,,,,,,,,,,,,
157,VOF-80B-48-C,no RECOM series crosses,,,,,,,,,,,,,,,,,,,
158,VOF-80B-24-C,no RECOM series crosses,,,,,,,,,,,,,,,,,,,
159,VOF-80B-15-C,no RECOM series crosses,,,,,,,,,,,,,,,,,,,
160,VOF-80B-12-C,no RECOM series crosses,,,,,,,,,,,,,,,,,,,
161,VOF-85B-48,no RECOM series crosses,,,,,,,,,,,,,,,,,,,
162,VOF-85B-24,no RECOM series crosses,,,,,,,,,,,,,,,,,,,
163,VOF-85B-12,no RECOM series crosses,,,,,,,,,,,,,,,,,,,
164,TJ-100-48,no RECOM series crosses,,,,,,,,,,,,,,,,,,,
165,TJ-100-36,no RECOM series crosses,,,,,,,,,,,,,,,,,,,
166,TJ-100-28,no RECOM series crosses,,,,,,,,,,,,,,,,,,,
167,TJ-100-24,no RECOM series crosses,,,,,,,,,,,,,,,,,,,
168,TJ-100-12,no RECOM series crosses,,,,,,,,,,,,,,,,,,,
169,PSK-100-48-T,no RECOM series crosses,,,,,,,,,,,,,,,,,,,
170,PSK-100-24-T,no RECOM series crosses,,,,,,,,,,,,,,,,,,,
171,PSK-100-12-T,no RECOM series crosses,,,,,,,,,,,,,,,,,,,
172,PSK-100-48,no RECOM series crosses,,,,,,,,,,,,,,,,,,,
173,PSK-100-12,no RECOM series crosses,,,,,,,,,,,,,,,,,,,
174,PSK-100-24,no RECOM series crosses,,,,,,,,,,,,,,,,,,,
175,VMS-160-5,No crosslisting matches,RACM230-G,12 RECOM candidates,90.0,264.0,5.0,,,0 of 12,,,,,,,,,,,
176,VMS-100-24,No crosslisting matches,RACM140E-K,36 RECOM candidates,90.0,264.0,24.0,,,0 of 36,,,,,,,,,,,
177,VSBU-120C-5,No crosslisting matches,RACM140E-K,36 RECOM candidates,90.0,264.0,5.0,,,0 of 36,,,,,,,,,,,
178,VSUU-120-5,CUI series not found in cross-list,,,,,,,,,,,,,,,,,,,
179,VSBU-120-5,CUI series not found in cross-list,,,,,,,,,,,,,,,,,,,
180,VSBU-120C-T515A,no RECOM series crosses,,,,,,,,,,,,,,,,,,,
181,VSBU-120C-T512A,no RECOM series crosses,,,,,,,,,,,,,,,,,,,
182,VSBU-120C-D524A,no RECOM series crosses,,,,,,,,,,,,,,,,,,,
183,VSBU-120C-D512,no RECOM series crosses,,,,,,,,,,,,,,,,,,,
184,VSBU-120C-D285,no RECOM series crosses,,,,,,,,,,,,,,,,,,,
185,VSBU-120C-48,No crosslisting matches,RACM140E-K,36 RECOM candidates,90.0,264.0,48.0,,,0 of 36,,,,,,,,,,,
186,VSBU-120C-36,No crosslisting matches,RACM140E-K,36 RECOM candidates,90.0,264.0,36.0,,,0 of 36,,,,,,,,,,,
187,VSBU-120C-30,No crosslisting matches,RACM140E-K,36 RECOM candidates,90.0,264.0,30.0,,,0 of 36,,,,,,,,,,,
188,VSBU-120C-24,No crosslisting matches,RACM140E-K,36 RECOM candidates,90.0,264.0,24.0,,,0 of 36,,,,,,,,,,,
189,VSBU-120C-15,No crosslisting matches,RACM140E-K,36 RECOM candidates,90.0,264.0,15.0,,,0 of 36,,,,,,,,,,,
190,VSBU-120C-12,No crosslisting matches,RACM140E-K,36 RECOM candidates,90.0,264.0,12.0,,,0 of 36,,,,,,,,,,,
191,VSUU-120C-T512A,no RECOM series crosses,,,,,,,,,,,,,,,,,,,
192,VSUU-120C-D524A,no RECOM series crosses,,,,,,,,,,,,,,,,,,,
193,VSUU-120C-D512,no RECOM series crosses,,,,,,,,,,,,,,,,,,,
194,VSUU-120C-24,No crosslisting matches,RACM140E-K,36 RECOM candidates,90.0,264.0,24.0,,,0 of 36,,,,,,,,,,,
195,VSUU-120C-15,No crosslisting matches,RACM140E-K,36 RECOM candidates,90.0,264.0,15.0,,,0 of 36,,,,,,,,,,,
196,VSUU-120C-12,No crosslisting matches,RACM140E-K,36 RECOM candidates,90.0,264.0,12.0,,,0 of 36,,,,,,,,,,,
197,VSUU-120C-9,No crosslisting matches,RACM140E-K,36 RECOM candidates,90.0,264.0,9.0,,,0 of 36,,,,,,,,,,,
198,VSUU-120-T524B,CUI series not found in cross-list,,,,,,,,,,,,,,,,,,,
199,VSUU-120-T524A,CUI series not found in cross-list,,,,,,,,,,,,,,,,,,,
200,VSUU-120-T515B,CUI series not found in cross-list,,,,,,,,,,,,,,,,,,,
201,VSUU-120-T515A,CUI series not found in cross-list,,,,,,,,,,,,,,,,,,,
202,VSUU-120-T512B,CUI series not found in cross-list,,,,,,,,,,,,,,,,,,,
203,VSUU-120-T512A,CUI series not found in cross-list,,,,,,,,,,,,,,,,,,,
204,VSUU-120-T510B,CUI series not found in cross-list,,,,,,,,,,,,,,,,,,,
205,VSUU-120-T510A,CUI series not found in cross-list,,,,,,,,,,,,,,,,,,,
206,VSUU-120-T3512B,CUI series not found in cross-list,,,,,,,,,,,,,,,,,,,
207,VSUU-120-T3512A,CUI series not found in cross-list,,,,,,,,,,,,,,,,,,,
208,VSUU-120-T312B,CUI series not found in cross-list,,,,,,,,,,,,,,,,,,,
209,VSUU-120-T312A,CUI series not found in cross-list,,,,,,,,,,,,,,,,,,,
210,VSUU-120-T3125B,CUI series not found in cross-list,,,,,,,,,,,,,,,,,,,
211,VSUU-120-T3125A,CUI series not found in cross-list,,,,,,,,,,,,,,,,,,,
212,VSUU-120-T305B,CUI series not found in cross-list,,,,,,,,,,,,,,,,,,,
213,VSUU-120-T305A,CUI series not found in cross-list,,,,,,,,,,,,,,,,,,,
214,VSUU-120-T125B,CUI series not found in cross-list,,,,,,,,,,,,,,,,,,,
215,VSUU-120-T125A,CUI series not found in cross-list,,,,,,,,,,,,,,,,,,,
216,VSUU-120-D524B,CUI series not found in cross-list,,,,,,,,,,,,,,,,,,,
217,VSUU-120-D524A,CUI series not found in cross-list,,,,,,,,,,,,,,,,,,,
218,VSUU-120-D515,CUI series not found in cross-list,,,,,,,,,,,,,,,,,,,
219,VSUU-120-D512,CUI series not found in cross-list,,,,,,,,,,,,,,,,,,,
220,VSUU-120-D312,CUI series not found in cross-list,,,,,,,,,,,,,,,,,,,
221,VSUU-120-D305,CUI series not found in cross-list,,,,,,,,,,,,,,,,,,,
222,VSUU-120-D285,CUI series not found in cross-list,,,,,,,,,,,,,,,,,,,
223,VSUU-120-9,CUI series not found in cross-list,,,,,,,,,,,,,,,,,,,
224,VSUU-120-7.5,CUI series not found in cross-list,,,,,,,,,,,,,,,,,,,
225,VSUU-120-48,CUI series not found in cross-list,,,,,,,,,,,,,,,,,,,
226,VSUU-120-36,CUI series not found in cross-list,,,,,,,,,,,,,,,,,,,
227,VSUU-120-30,CUI series not found in cross-list,,,,,,,,,,,,,,,,,,,
228,VSUU-120-24,CUI series not found in cross-list,,,,,,,,,,,,,,,,,,,
229,VSUU-120-18,CUI series not found in cross-list,,,,,,,,,,,,,,,,,,,
230,VSUU-120-15,CUI series not found in cross-list,,,,,,,,,,,,,,,,,,,
231,VSUU-120-12,CUI series not found in cross-list,,,,,,,,,,,,,,,,,,,
232,VSBU-120-T524B,CUI series not found in cross-list,,,,,,,,,,,,,,,,,,,
233,VSBU-120-T524A,CUI series not found in cross-list,,,,,,,,,,,,,,,,,,,
234,VSBU-120-T515B,CUI series not found in cross-list,,,,,,,,,,,,,,,,,,,
235,VSBU-120-T515A,CUI series not found in cross-list,,,,,,,,,,,,,,,,,,,
236,VSBU-120-T512B,CUI series not found in cross-list,,,,,,,,,,,,,,,,,,,
237,VSBU-120-T512A,CUI series not found in cross-list,,,,,,,,,,,,,,,,,,,
238,VSBU-120-T510B,CUI series not found in cross-list,,,,,,,,,,,,,,,,,,,
239,VSBU-120-T510A,CUI series not found in cross-list,,,,,,,,,,,,,,,,,,,
240,VSBU-120-T3512B,CUI series not found in cross-list,,,,,,,,,,,,,,,,,,,
241,VSBU-120-T3512A,CUI series not found in cross-list,,,,,,,,,,,,,,,,,,,
242,VSBU-120-T312B,CUI series not found in cross-list,,,,,,,,,,,,,,,,,,,
243,VSBU-120-T312A,CUI series not found in cross-list,,,,,,,,,,,,,,,,,,,
244,VSBU-120-T3125B,CUI series not found in cross-list,,,,,,,,,,,,,,,,,,,
245,VSBU-120-T3125A,CUI series not found in cross-list,,,,,,,,,,,,,,,,,,,
246,VSBU-120-T305B,CUI series not found in cross-list,,,,,,,,,,,,,,,,,,,
247,VSBU-120-T305A,CUI series not found in cross-list,,,,,,,,,,,,,,,,,,,
248,VSBU-120-T125B,CUI series not found in cross-list,,,,,,,,,,,,,,,,,,,
249,VSBU-120-T125A,CUI series not found in cross-list,,,,,,,,,,,,,,,,,,,
250,VSBU-120-D524B,CUI series not found in cross-list,,,,,,,,,,,,,,,,,,,
251,VSBU-120-D524A,CUI series not found in cross-list,,,,,,,,,,,,,,,,,,,
252,VSBU-120-D515,CUI series not found in cross-list,,,,,,,,,,,,,,,,,,,
253,VSBU-120-D312,CUI series not found in cross-list,,,,,,,,,,,,,,,,,,,
254,VSBU-120-D285,CUI series not found in cross-list,,,,,,,,,,,,,,,,,,,
255,VSBU-120-9,CUI series not found in cross-list,,,,,,,,,,,,,,,,,,,
256,VSBU-120-7.5,CUI series not found in cross-list,,,,,,,,,,,,,,,,,,,
257,VSBU-120-48,CUI series not found in cross-list,,,,,,,,,,,,,,,,,,,
258,VSBU-120-36,CUI series not found in cross-list,,,,,,,,,,,,,,,,,,,
259,VSBU-120-30,CUI series not found in cross-list,,,,,,,,,,,,,,,,,,,
260,VSBU-120-24,CUI series not found in cross-list,,,,,,,,,,,,,,,,,,,
261,VSBU-120-18,CUI series not found in cross-list,,,,,,,,,,,,,,,,,,,
262,VSBU-120-15,CUI series not found in cross-list,,,,,,,,,,,,,,,,,,,
263,VSBU-120-12,CUI series not found in cross-list,,,,,,,,,,,,,,,,,,,
264,VOF-130-48-CNF,invalid RECOM series!, ,0 RECOM candidates,,,,,,,,,,,,,,,,,
265,VOF-130-36-CNF,invalid RECOM series!, ,0 RECOM candidates,,,,,,,,,,,,,,,,,
266,VOF-130-24-CNF,invalid RECOM series!, ,0 RECOM candidates,,,,,,,,,,,,,,,,,
267,VOF-130-12-CNF,invalid RECOM series!, ,0 RECOM candidates,,,,,,,,,,,,,,,,,
268,VOF-130-12-BP,invalid RECOM series!, ,0 RECOM candidates,,,,,,,,,,,,,,,,,
269,VOF-130-48-BP,invalid RECOM series!, ,0 RECOM candidates,,,,,,,,,,,,,,,,,
270,VOF-130-36-BP,invalid RECOM series!, ,0 RECOM candidates,,,,,,,,,,,,,,,,,
271,VOF-130-24-BP,invalid RECOM series!, ,0 RECOM candidates,,,,,,,,,,,,,,,,,
272,VOF-130-48,invalid RECOM series!, ,0 RECOM candidates,,,,,,,,,,,,,,,,,
273,VOF-130-36,invalid RECOM series!, ,0 RECOM candidates,,,,,,,,,,,,,,,,,
274,VOF-130-24,invalid RECOM series!, ,0 RECOM candidates,,,,,,,,,,,,,,,,,
275,VOF-130-12,invalid RECOM series!, ,0 RECOM candidates,,,,,,,,,,,,,,,,,
276,VMS-130-48-CNF,invalid RECOM series!, ,0 RECOM candidates,,,,,,,,,,,,,,,,,
277,VMS-130-36-CNF,invalid RECOM series!, ,0 RECOM candidates,,,,,,,,,,,,,,,,,
278,VMS-130-24-CNF,invalid RECOM series!, ,0 RECOM candidates,,,,,,,,,,,,,,,,,
279,VMS-130-12-CNF,invalid RECOM series!, ,0 RECOM candidates,,,,,,,,,,,,,,,,,
280,VMS-130-48-BP,invalid RECOM series!, ,0 RECOM candidates,,,,,,,,,,,,,,,,,
281,VMS-130-24-BP,invalid RECOM series!, ,0 RECOM candidates,,,,,,,,,,,,,,,,,
282,VMS-130-36-BP,invalid RECOM series!, ,0 RECOM candidates,,,,,,,,,,,,,,,,,
283,VMS-130-12-BP,invalid RECOM series!, ,0 RECOM candidates,,,,,,,,,,,,,,,,,
284,VMS-130-36,invalid RECOM series!, ,0 RECOM candidates,,,,,,,,,,,,,,,,,
285,VMS-130-24,invalid RECOM series!, ,0 RECOM candidates,,,,,,,,,,,,,,,,,
286,VMS-130-12,invalid RECOM series!, ,0 RECOM candidates,,,,,,,,,,,,,,,,,
287,VMS-130-48,invalid RECOM series!, ,0 RECOM candidates,,,,,,,,,,,,,,,,,
288,VSUU-150-9,CUI series not found in cross-list,,,,,,,,,,,,,,,,,,,
289,VSBU-150-9,CUI series not found in cross-list,,,,,,,,,,,,,,,,,,,
290,PSK-150-48,no RECOM series crosses,,,,,,,,,,,,,,,,,,,
291,PSK-150-24,no RECOM series crosses,,,,,,,,,,,,,,,,,,,
292,PSK-150-12,no RECOM series crosses,,,,,,,,,,,,,,,,,,,
293,VSBU-150C-24,no RECOM series crosses,,,,,,,,,,,,,,,,,,,
294,VSUU-150C-24,No crosslisting matches,RACM140E-K,36 RECOM candidates,90.0,264.0,24.0,,,0 of 36,,,,,,,,,,,
295,VSUU-150C-12,No crosslisting matches,RACM140E-K,36 RECOM candidates,90.0,264.0,12.0,,,0 of 36,,,,,,,,,,,
296,VSUU-150-48,CUI series not found in cross-list,,,,,,,,,,,,,,,,,,,
297,VSUU-150-36,CUI series not found in cross-list,,,,,,,,,,,,,,,,,,,
298,VSUU-150-30,CUI series not found in cross-list,,,,,,,,,,,,,,,,,,,
299,VSUU-150-24,CUI series not found in cross-list,,,,,,,,,,,,,,,,,,,
300,VSUU-150-18,CUI series not found in cross-list,,,,,,,,,,,,,,,,,,,
301,VSUU-150-15,CUI series not found in cross-list,,,,,,,,,,,,,,,,,,,
302,VSUU-150-12,CUI series not found in cross-list,,,,,,,,,,,,,,,,,,,
303,VSBU-150-48,CUI series not found in cross-list,,,,,,,,,,,,,,,,,,,
304,VSBU-150-36,CUI series not found in cross-list,,,,,,,,,,,,,,,,,,,
305,VSBU-150-30,CUI series not found in cross-list,,,,,,,,,,,,,,,,,,,
306,VSBU-150-24,CUI series not found in cross-list,,,,,,,,,,,,,,,,,,,
307,VSBU-150-18,CUI series not found in cross-list,,,,,,,,,,,,,,,,,,,
308,VSBU-150-15,CUI series not found in cross-list,,,,,,,,,,,,,,,,,,,
309,VSBU-150-12,CUI series not found in cross-list,,,,,,,,,,,,,,,,,,,
310,VMS-160-24,No crosslisting matches,RACM230-G,12 RECOM candidates,90.0,264.0,24.0,,,0 of 12,,,,,,,,,,,
311,VMS-160-12,No crosslisting matches,RACM230-G,12 RECOM candidates,90.0,264.0,12.0,,,0 of 12,,,,,,,,,,,
312,VOF-180-58,No crosslisting matches,RACM230-G,12 RECOM candidates,80.0,264.0,58.0,,3000.0,0 of 12,,,,,,,,,,,
313,VOF-180-48,matched 2,RACM230-G,12 RECOM candidates,80.0,264.0,48.0,,3000.0,2 of 12,10,10,2,12,10,10,RACM230-48SG,RACM230-48SG/ENC,,,
314,VOF-180-30,No crosslisting matches,RACM230-G,12 RECOM candidates,80.0,264.0,30.0,,3000.0,0 of 12,,,,,,,,,,,
315,VOF-180-24,matched 2,RACM230-G,12 RECOM candidates,80.0,264.0,24.0,,3000.0,2 of 12,10,10,2,12,10,10,RACM230-24SG,RACM230-24SG/ENC,,,
316,VOF-180-15,No crosslisting matches,RACM230-G,12 RECOM candidates,80.0,264.0,15.0,,3000.0,0 of 12,,,,,,,,,,,
317,VOF-180-12,matched 2,RACM230-G,12 RECOM candidates,80.0,264.0,12.0,,3000.0,2 of 12,10,10,2,12,10,10,RACM230-12SG,RACM230-12SG/ENC,,,
318,VMS-180-58,No crosslisting matches,RACM230-G,12 RECOM candidates,80.0,264.0,58.0,,4200.0,0 of 12,,,,,,,,,,,
319,VMS-180-48,No crosslisting matches,RACM230-G,12 RECOM candidates,80.0,264.0,48.0,,4200.0,0 of 12,,,,,,,,,,,
320,VMS-180-30,No crosslisting matches,RACM230-G,12 RECOM candidates,80.0,264.0,30.0,,4200.0,0 of 12,,,,,,,,,,,
321,VMS-180-24,No crosslisting matches,RACM230-G,12 RECOM candidates,80.0,264.0,24.0,,4200.0,0 of 12,,,,,,,,,,,
322,VMS-180-15,No crosslisting matches,RACM230-G,12 RECOM candidates,80.0,264.0,15.0,,4200.0,0 of 12,,,,,,,,,,,
323,VMS-180-12,No crosslisting matches,RACM230-G,12 RECOM candidates,80.0,264.0,12.0,,4200.0,0 of 12,,,,,,,,,,,
324,VOF-275-15,No crosslisting matches,RACM230-G,12 RECOM candidates,80.0,264.0,15.0,,3000.0,0 of 12,,,,,,,,,,,
325,VMS-225-58,No crosslisting matches,RACM230-G,12 RECOM candidates,80.0,264.0,58.0,,4200.0,0 of 12,,,,,,,,,,,
326,VMS-225-48,No crosslisting matches,RACM230-G,12 RECOM candidates,80.0,264.0,48.0,,4200.0,0 of 12,,,,,,,,,,,
327,VMS-225-30,No crosslisting matches,RACM230-G,12 RECOM candidates,80.0,264.0,30.0,,4200.0,0 of 12,,,,,,,,,,,
328,VMS-225-24,No crosslisting matches,RACM230-G,12 RECOM candidates,80.0,264.0,24.0,,4200.0,0 of 12,,,,,,,,,,,
329,VMS-225-15,No crosslisting matches,RACM230-G,12 RECOM candidates,80.0,264.0,15.0,,4200.0,0 of 12,,,,,,,,,,,
330,VMS-225-12,No crosslisting matches,RACM230-G,12 RECOM candidates,80.0,264.0,12.0,,4200.0,0 of 12,,,,,,,,,,,
331,VMS-300-D1224-CFS,no RECOM series crosses,,,,,,,,,,,,,,,,,,,
332,VMS-300-D1224-CF,no RECOM series crosses,,,,,,,,,,,,,,,,,,,
333,VMS-300-D1224,no RECOM series crosses,,,,,,,,,,,,,,,,,,,
334,VF-S250-54A-CF,no RECOM series crosses,,,,,,,,,,,,,,,,,,,
335,VF-S250-54A,no RECOM series crosses,,,,,,,,,,,,,,,,,,,
336,VF-S250-48A-CF,no RECOM series crosses,,,,,,,,,,,,,,,,,,,
337,VF-S250-48A,no RECOM series crosses,,,,,,,,,,,,,,,,,,,
338,VF-S250-36A-CF,no RECOM series crosses,,,,,,,,,,,,,,,,,,,
339,VF-S250-36A,no RECOM series crosses,,,,,,,,,,,,,,,,,,,
340,VF-S250-28A-CF,no RECOM series crosses,,,,,,,,,,,,,,,,,,,
341,VF-S250-28A,no RECOM series crosses,,,,,,,,,,,,,,,,,,,
342,VF-S250-24A-CF,no RECOM series crosses,,,,,,,,,,,,,,,,,,,
343,VF-S250-24A,no RECOM series crosses,,,,,,,,,,,,,,,,,,,
344,VF-S250-18A-CF,no RECOM series crosses,,,,,,,,,,,,,,,,,,,
345,VF-S250-18A,no RECOM series crosses,,,,,,,,,,,,,,,,,,,
346,VF-S250-15A-CF,no RECOM series crosses,,,,,,,,,,,,,,,,,,,
347,VF-S250-15A,no RECOM series crosses,,,,,,,,,,,,,,,,,,,
348,VF-S250-12A-CF,no RECOM series crosses,,,,,,,,,,,,,,,,,,,
349,VF-S250-12A,no RECOM series crosses,,,,,,,,,,,,,,,,,,,
350,VF-D250-D1224A-CF,no RECOM series crosses,,,,,,,,,,,,,,,,,,,
351,VF-D250-D1224A,no RECOM series crosses,,,,,,,,,,,,,,,,,,,
352,VOF-260B-48-C,no RECOM series crosses,,,,,,,,,,,,,,,,,,,
353,VOF-260B-36-C,no RECOM series crosses,,,,,,,,,,,,,,,,,,,
354,VOF-260B-24-C,no RECOM series crosses,,,,,,,,,,,,,,,,,,,
355,VOF-260B-12-C,no RECOM series crosses,,,,,,,,,,,,,,,,,,,
356,VOF-260B-48-BP,no RECOM series crosses,,,,,,,,,,,,,,,,,,,
357,VOF-260B-36-BP,no RECOM series crosses,,,,,,,,,,,,,,,,,,,
358,VOF-260B-24-BP,no RECOM series crosses,,,,,,,,,,,,,,,,,,,
359,VOF-260B-12-BP,no RECOM series crosses,,,,,,,,,,,,,,,,,,,
360,VOF-260B-48,no RECOM series crosses,,,,,,,,,,,,,,,,,,,
361,VOF-260B-36,no RECOM series crosses,,,,,,,,,,,,,,,,,,,
362,VOF-260B-24,no RECOM series crosses,,,,,,,,,,,,,,,,,,,
363,VOF-260B-12,no RECOM series crosses,,,,,,,,,,,,,,,,,,,
364,VPM-S500-03R,no RECOM series crosses,,,,,,,,,,,,,,,,,,,
365,VOF-275-58,No crosslisting matches,RACM230-G,12 RECOM candidates,80.0,264.0,58.0,,3000.0,0 of 12,,,,,,,,,,,
366,VOF-275-30,No crosslisting matches,RACM230-G,12 RECOM candidates,80.0,264.0,30.0,,3000.0,0 of 12,,,,,,,,,,,
367,VOF-275-12,matched 2,RACM230-G,12 RECOM candidates,80.0,264.0,12.0,,3000.0,2 of 12,10,10,2,12,10,10,RACM230-12SG,RACM230-12SG/ENC,,,
368,VOF-300-48-CNF,matched 2,RACM550-G,15 RECOM candidates,90.0,264.0,48.0,,3000.0,2 of 15,13,13,2,15,13,13,RACM550-48SG/OF,RACM550-48SG/ENC,,,
369,VOF-300-36-CNF,matched 3,RACM550-G,15 RECOM candidates,90.0,264.0,36.0,,3000.0,3 of 15,13,13,3,15,13,13,RACM550-36SG/OF,RACM550-36SG/OF/MS,RACM550-36SG/ENC,,
370,VOF-300-24-CNF,matched 4,RACM550-G,15 RECOM candidates,90.0,264.0,24.0,,3000.0,4 of 15,13,13,4,15,13,13,RACM550-24SG/OF,RACM550-24SG/ENC,RACM550-24SG/ENC/F/DIN,RACM550-24SG/OF401,
371,VOF-300-12-CNF,No crosslisting matches,RACM550-G,15 RECOM candidates,90.0,264.0,12.0,,3000.0,0 of 15,,,,,,,,,,,
372,VOF-300-48,matched 2,RACM550-G,15 RECOM candidates,90.0,264.0,48.0,,3000.0,2 of 15,13,13,2,15,13,13,RACM550-48SG/OF,RACM550-48SG/ENC,,,
373,VOF-300-36,matched 3,RACM550-G,15 RECOM candidates,90.0,264.0,36.0,,3000.0,3 of 15,13,13,3,15,13,13,RACM550-36SG/OF,RACM550-36SG/OF/MS,RACM550-36SG/ENC,,
374,VOF-300-24,matched 4,RACM550-G,15 RECOM candidates,90.0,264.0,24.0,,3000.0,4 of 15,13,13,4,15,13,13,RACM550-24SG/OF,RACM550-24SG/ENC,RACM550-24SG/ENC/F/DIN,RACM550-24SG/OF401,
375,VOF-300-12,No crosslisting matches,RACM550-G,15 RECOM candidates,90.0,264.0,12.0,,3000.0,0 of 15,,,,,,,,,,,
376,VMS-300A-48-CNF,No crosslisting matches,RACM550-G,15 RECOM candidates,90.0,264.0,48.0,,,0 of 15,,,,,,,,,,,
377,VMS-300A-36-CNF,No crosslisting matches,RACM550-G,15 RECOM candidates,90.0,264.0,36.0,,,0 of 15,,,,,,,,,,,
378,VMS-300A-24-CNF,No crosslisting matches,RACM550-G,15 RECOM candidates,90.0,264.0,24.0,,,0 of 15,,,,,,,,,,,
379,VMS-300A-12-CNF,No crosslisting matches,RACM550-G,15 RECOM candidates,90.0,264.0,12.0,,,0 of 15,,,,,,,,,,,
380,VMS-300A-48,No crosslisting matches,RACM550-G,15 RECOM candidates,90.0,264.0,48.0,,,0 of 15,,,,,,,,,,,
381,VMS-300A-36,No crosslisting matches,RACM550-G,15 RECOM candidates,90.0,264.0,36.0,,,0 of 15,,,,,,,,,,,
382,VMS-300A-24,No crosslisting matches,RACM550-G,15 RECOM candidates,90.0,264.0,24.0,,,0 of 15,,,,,,,,,,,
383,VMS-300A-12,No crosslisting matches,RACM550-G,15 RECOM candidates,90.0,264.0,12.0,,,0 of 15,,,,,,,,,,,
384,VMS-300-48-CFS,no RECOM series crosses,,,,,,,,,,,,,,,,,,,
385,VMS-300-36-CFS,no RECOM series crosses,,,,,,,,,,,,,,,,,,,
386,VMS-300-24-CFS,no RECOM series crosses,,,,,,,,,,,,,,,,,,,
387,VMS-300-15-CFS,no RECOM series crosses,,,,,,,,,,,,,,,,,,,
388,VMS-300-12-CFS,no RECOM series crosses,,,,,,,,,,,,,,,,,,,
389,VMS-300-48-CF,no RECOM series crosses,,,,,,,,,,,,,,,,,,,
390,VMS-300-36-CF,no RECOM series crosses,,,,,,,,,,,,,,,,,,,
391,VMS-300-24-CF,no RECOM series crosses,,,,,,,,,,,,,,,,,,,
392,VMS-300-15-CF,no RECOM series crosses,,,,,,,,,,,,,,,,,,,
393,VMS-300-12-CF,no RECOM series crosses,,,,,,,,,,,,,,,,,,,
394,VMS-300-48,no RECOM series crosses,,,,,,,,,,,,,,,,,,,
395,VMS-300-36,no RECOM series crosses,,,,,,,,,,,,,,,,,,,
396,VMS-300-24,no RECOM series crosses,,,,,,,,,,,,,,,,,,,
397,VMS-300-15,no RECOM series crosses,,,,,,,,,,,,,,,,,,,
398,VMS-300-12,no RECOM series crosses,,,,,,,,,,,,,,,,,,,
399,VF-D320-D1224A-CFS,no RECOM series crosses,,,,,,,,,,,,,,,,,,,
400,VF-D320-D1224A-CF,no RECOM series crosses,,,,,,,,,,,,,,,,,,,
401,VF-D320-D1224A,no RECOM series crosses,,,,,,,,,,,,,,,,,,,
402,VF-S320-54A-CFS,no RECOM series crosses,,,,,,,,,,,,,,,,,,,
403,VF-S320-54A-CF,no RECOM series crosses,,,,,,,,,,,,,,,,,,,
404,VF-S320-54A,no RECOM series crosses,,,,,,,,,,,,,,,,,,,
405,VF-S320-48A-CFS,no RECOM series crosses,,,,,,,,,,,,,,,,,,,
406,VF-S320-48A-CF,no RECOM series crosses,,,,,,,,,,,,,,,,,,,
407,VF-S320-48A,no RECOM series crosses,,,,,,,,,,,,,,,,,,,
408,VF-S320-36A-CFS,no RECOM series crosses,,,,,,,,,,,,,,,,,,,
409,VF-S320-36A-CF,no RECOM series crosses,,,,,,,,,,,,,,,,,,,
410,VF-S320-36A,no RECOM series crosses,,,,,,,,,,,,,,,,,,,
411,VF-S320-28A-CFS,no RECOM series crosses,,,,,,,,,,,,,,,,,,,
412,VF-S320-28A-CF,no RECOM series crosses,,,,,,,,,,,,,,,,,,,
413,VF-S320-28A,no RECOM series crosses,,,,,,,,,,,,,,,,,,,
414,VF-S320-24A-CFS,no RECOM series crosses,,,,,,,,,,,,,,,,,,,
415,VF-S320-24A-CF,no RECOM series crosses,,,,,,,,,,,,,,,,,,,
416,VF-S320-24A,no RECOM series crosses,,,,,,,,,,,,,,,,,,,
417,VF-S320-18A-CFS,no RECOM series crosses,,,,,,,,,,,,,,,,,,,
418,VF-S320-18A-CF,no RECOM series crosses,,,,,,,,,,,,,,,,,,,
419,VF-S320-18A,no RECOM series crosses,,,,,,,,,,,,,,,,,,,
420,VF-S320-15A-CFS,no RECOM series crosses,,,,,,,,,,,,,,,,,,,
421,VF-S320-15A-CF,no RECOM series crosses,,,,,,,,,,,,,,,,,,,
422,VF-S320-15A,no RECOM series crosses,,,,,,,,,,,,,,,,,,,
423,VF-S320-12A-CFS,no RECOM series crosses,,,,,,,,,,,,,,,,,,,
424,VF-S320-12A-CF,no RECOM series crosses,,,,,,,,,,,,,,,,,,,
425,VF-S320-12A,no RECOM series crosses,,,,,,,,,,,,,,,,,,,
426,PCM-400-D1224-CNF,no RECOM series crosses,,,,,,,,,,,,,,,,,,,
427,PCM-400-54-CNF,no RECOM series crosses,,,,,,,,,,,,,,,,,,,
428,PCM-400-48-CNF,no RECOM series crosses,,,,,,,,,,,,,,,,,,,
429,PCM-400-36-CNF,no RECOM series crosses,,,,,,,,,,,,,,,,,,,
430,PCM-400-28-CNF,no RECOM series crosses,,,,,,,,,,,,,,,,,,,
431,PCM-400-24-CNF,no RECOM series crosses,,,,,,,,,,,,,,,,,,,
432,PCM-400-18-CNF,no RECOM series crosses,,,,,,,,,,,,,,,,,,,
433,PCM-400-15-CNF,no RECOM series crosses,,,,,,,,,,,,,,,,,,,
434,PCM-400-12-CNF,no RECOM series crosses,,,,,,,,,,,,,,,,,,,
435,PCM-400-D1224-CFS,no RECOM series crosses,,,,,,,,,,,,,,,,,,,
436,PCM-400-54-CFS,no RECOM series crosses,,,,,,,,,,,,,,,,,,,
437,PCM-400-48-CFS,no RECOM series crosses,,,,,,,,,,,,,,,,,,,
438,PCM-400-36-CFS,no RECOM series crosses,,,,,,,,,,,,,,,,,,,
439,PCM-400-28-CFS,no RECOM series crosses,,,,,,,,,,,,,,,,,,,
440,PCM-400-24-CFS,no RECOM series crosses,,,,,,,,,,,,,,,,,,,
441,PCM-400-18-CFS,no RECOM series crosses,,,,,,,,,,,,,,,,,,,
442,PCM-400-15-CFS,no RECOM series crosses,,,,,,,,,,,,,,,,,,,
443,PCM-400-12-CFS,no RECOM series crosses,,,,,,,,,,,,,,,,,,,
444,PCM-400-D1224-CF,no RECOM series crosses,,,,,,,,,,,,,,,,,,,
445,PCM-400-54-CF,no RECOM series crosses,,,,,,,,,,,,,,,,,,,
446,PCM-400-48-CF,no RECOM series crosses,,,,,,,,,,,,,,,,,,,
447,PCM-400-36-CF,no RECOM series crosses,,,,,,,,,,,,,,,,,,,
448,PCM-400-28-CF,no RECOM series crosses,,,,,,,,,,,,,,,,,,,
449,PCM-400-24-CF,no RECOM series crosses,,,,,,,,,,,,,,,,,,,
450,PCM-400-18-CF,no RECOM series crosses,,,,,,,,,,,,,,,,,,,
451,PCM-400-15-CF,no RECOM series crosses,,,,,,,,,,,,,,,,,,,
452,PCM-400-12-CF,no RECOM series crosses,,,,,,,,,,,,,,,,,,,
453,PCM-400-D1224-U,No crosslisting matches,RACM600-L,8 RECOM candidates,90.0,264.0,12.0,24.0,3000.0,0 of 8,,,,,,,,,,,
454,PCM-400-54-U,No crosslisting matches,RACM600-L,8 RECOM candidates,90.0,264.0,54.0,,3000.0,0 of 8,,,,,,,,,,,
455,PCM-400-48-U,matched 2,RACM600-L,8 RECOM candidates,90.0,264.0,48.0,,3000.0,2 of 8,6,6,2,8,6,6,RACM600-48SL/OF,RACM600-48SL/RF,,,
456,PCM-400-36-U,No crosslisting matches,RACM600-L,8 RECOM candidates,90.0,264.0,36.0,,3000.0,0 of 8,,,,,,,,,,,
457,PCM-400-28-U,No crosslisting matches,RACM600-L,8 RECOM candidates,90.0,264.0,28.0,,3000.0,0 of 8,,,,,,,,,,,
458,PCM-400-24-U,matched 2,RACM600-L,8 RECOM candidates,90.0,264.0,24.0,,3000.0,2 of 8,6,6,2,8,6,6,RACM600-24SL/OF,RACM600-24SL/RF,,,
459,PCM-400-18-U,No crosslisting matches,RACM600-L,8 RECOM candidates,90.0,264.0,18.0,,3000.0,0 of 8,,,,,,,,,,,
460,PCM-400-15-U,No crosslisting matches,RACM600-L,8 RECOM candidates,90.0,264.0,15.0,,3000.0,0 of 8,,,,,,,,,,,
461,PCM-400-12-U,matched 2,RACM600-L,8 RECOM candidates,90.0,264.0,12.0,,3000.0,2 of 8,6,6,2,8,6,6,RACM600-12SL/OF,RACM600-12SL/RF,,,
462,VMS-450B-56-CNF,no RECOM series crosses,,,,,,,,,,,,,,,,,,,
463,VMS-450B-56-CFS,no RECOM series crosses,,,,,,,,,,,,,,,,,,,
464,VMS-450B-56-CF,no RECOM series crosses,,,,,,,,,,,,,,,,,,,
465,VMS-450B-56,matched 2,RACM550-G,15 RECOM candidates,90.0,264.0,56.0,,4000.0,2 of 15,13,13,2,15,13,13,RACM550-56SG/OF,RACM550-56SG/ENC,,,
466,VMS-450B-54-CFS,no RECOM series crosses,,,,,,,,,,,,,,,,,,,
467,VMS-450B-48-CFS,no RECOM series crosses,,,,,,,,,,,,,,,,,,,
468,VMS-450B-36-CFS,no RECOM series crosses,,,,,,,,,,,,,,,,,,,
469,VMS-450B-24-CFS,no RECOM series crosses,,,,,,,,,,,,,,,,,,,
470,VMS-450B-19-CFS,no RECOM series crosses,,,,,,,,,,,,,,,,,,,
471,VMS-450B-15-CFS,no RECOM series crosses,,,,,,,,,,,,,,,,,,,
472,VMS-450B-12-CFS,no RECOM series crosses,,,,,,,,,,,,,,,,,,,
473,VMS-450B-54-CNF,no RECOM series crosses,,,,,,,,,,,,,,,,,,,
474,VMS-450B-48-CNF,no RECOM series crosses,,,,,,,,,,,,,,,,,,,
475,VMS-450B-36-CNF,no RECOM series crosses,,,,,,,,,,,,,,,,,,,
476,VMS-450B-24-CNF,no RECOM series crosses,,,,,,,,,,,,,,,,,,,
477,VMS-450B-19-CNF,no RECOM series crosses,,,,,,,,,,,,,,,,,,,
478,VMS-450B-15-CNF,no RECOM series crosses,,,,,,,,,,,,,,,,,,,
479,VMS-450B-12-CNF,no RECOM series crosses,,,,,,,,,,,,,,,,,,,
480,VMS-450B-54-CF,no RECOM series crosses,,,,,,,,,,,,,,,,,,,
481,VMS-450B-48-CF,no RECOM series crosses,,,,,,,,,,,,,,,,,,,
482,VMS-450B-36-CF,no RECOM series crosses,,,,,,,,,,,,,,,,,,,
483,VMS-450B-24-CF,no RECOM series crosses,,,,,,,,,,,,,,,,,,,
484,VMS-450B-19-CF,no RECOM series crosses,,,,,,,,,,,,,,,,,,,
485,VMS-450B-15-CF,no RECOM series crosses,,,,,,,,,,,,,,,,,,,
486,VMS-450B-12-CF,no RECOM series crosses,,,,,,,,,,,,,,,,,,,
487,VMS-450B-54,No crosslisting matches,RACM550-G,15 RECOM candidates,90.0,264.0,54.0,,4000.0,0 of 15,,,,,,,,,,,
488,VMS-450B-48,matched 2,RACM550-G,15 RECOM candidates,90.0,264.0,48.0,,4000.0,2 of 15,13,13,2,15,13,13,RACM550-48SG/OF,RACM550-48SG/ENC,,,
489,VMS-450B-36,matched 3,RACM550-G,15 RECOM candidates,90.0,264.0,36.0,,4000.0,3 of 15,13,13,3,15,13,13,RACM550-36SG/OF,RACM550-36SG/OF/MS,RACM550-36SG/ENC,,
490,VMS-450B-24,matched 4,RACM550-G,15 RECOM candidates,90.0,264.0,24.0,,4000.0,4 of 15,13,13,4,15,13,13,RACM550-24SG/OF,RACM550-24SG/ENC,RACM550-24SG/ENC/F/DIN,RACM550-24SG/OF401,
491,VMS-450B-19,No crosslisting matches,RACM550-G,15 RECOM candidates,90.0,264.0,19.0,,4000.0,0 of 15,,,,,,,,,,,
492,VMS-450B-15,No crosslisting matches,RACM550-G,15 RECOM candidates,90.0,264.0,15.0,,4000.0,0 of 15,,,,,,,,,,,
493,VMS-450B-12,No crosslisting matches,RACM550-G,15 RECOM candidates,90.0,264.0,12.0,,4000.0,0 of 15,,,,,,,,,,,
494,VMS-550-15,No crosslisting matches,RACM550-G,15 RECOM candidates,90.0,264.0,15.0,,4200.0,0 of 15,,,,,,,,,,,
495,VMS-550-12,No crosslisting matches,RACM550-G,15 RECOM candidates,90.0,264.0,12.0,,4200.0,0 of 15,,,,,,,,,,,
496,VOF-550-58,No crosslisting matches,RACM550-G,15 RECOM candidates,90.0,264.0,58.0,,3000.0,0 of 15,,,,,,,,,,,
497,VOF-550-48,matched 2,RACM550-G,15 RECOM candidates,90.0,264.0,48.0,,3000.0,2 of 15,13,13,2,15,13,13,RACM550-48SG/OF,RACM550-48SG/ENC,,,
498,VOF-550-30,matched 2,RACM550-G,15 RECOM candidates,90.0,264.0,30.0,,3000.0,2 of 15,13,13,2,15,13,13,RACM550-30SG/OF,RACM550-30SG/ENC,,,
499,VOF-550-24,matched 4,RACM550-G,15 RECOM candidates,90.0,264.0,24.0,,3000.0,4 of 15,13,13,4,15,13,13,RACM550-24SG/OF,RACM550-24SG/ENC,RACM550-24SG/ENC/F/DIN,RACM550-24SG/OF401,
500,VOF-550-15,No crosslisting matches,RACM550-G,15 RECOM candidates,90.0,264.0,15.0,,3000.0,0 of 15,,,,,,,,,,,
501,VOF-550-12,No crosslisting matches,RACM550-G,15 RECOM candidates,90.0,264.0,12.0,,3000.0,0 of 15,,,,,,,,,,,
502,VMS-550-58,No crosslisting matches,RACM550-G,15 RECOM candidates,90.0,264.0,58.0,,4200.0,0 of 15,,,,,,,,,,,
503,VMS-550-48,No crosslisting matches,RACM550-G,15 RECOM candidates,90.0,264.0,48.0,,4200.0,0 of 15,,,,,,,,,,,
504,VMS-550-30,No crosslisting matches,RACM550-G,15 RECOM candidates,90.0,264.0,30.0,,4200.0,0 of 15,,,,,,,,,,,
505,VMS-550-24,No crosslisting matches,RACM550-G,15 RECOM candidates,90.0,264.0,24.0,,4200.0,0 of 15,,,,,,,,,,,
